nb;t;date;jour;mois;an;joursem;vacances
462;0;02/01/2010;2;1;2010;Samedi;0
1021;0;04/01/2010;4;1;2010;Lundi;0
735;0;05/01/2010;5;1;2010;Mardi;0
604;0;06/01/2010;6;1;2010;Mercredi;0
466;0;07/01/2010;7;1;2010;Jeudi;0
434;0;08/01/2010;8;1;2010;Vendredi;0
192;0;09/01/2010;9;1;2010;Samedi;0
535;0;11/01/2010;11;1;2010;Lundi;0
395;0;12/01/2010;12;1;2010;Mardi;0
374;0;13/01/2010;13;1;2010;Mercredi;0
311;0;14/01/2010;14;1;2010;Jeudi;0
309;0;15/01/2010;15;1;2010;Vendredi;0
154;0;16/01/2010;16;1;2010;Samedi;0
359;0;18/01/2010;18;1;2010;Lundi;0
330;0;19/01/2010;19;1;2010;Mardi;0
388;0;20/01/2010;20;1;2010;Mercredi;0
369;0;21/01/2010;21;1;2010;Jeudi;0
310;0;22/01/2010;22;1;2010;Vendredi;0
195;0;23/01/2010;23;1;2010;Samedi;0
431;0;25/01/2010;25;1;2010;Lundi;0
401;0;26/01/2010;26;1;2010;Mardi;0
485;0;27/01/2010;27;1;2010;Mercredi;0
525;0;28/01/2010;28;1;2010;Jeudi;0
677;0;29/01/2010;29;1;2010;Vendredi;0
483;0;30/01/2010;30;1;2010;Samedi;0
1097;1;01/02/2010;1;2;2010;Lundi;0
740;1;02/02/2010;2;2;2010;Mardi;0
541;1;03/02/2010;3;2;2010;Mercredi;0
469;1;04/02/2010;4;2;2010;Jeudi;0
319;1;05/02/2010;5;2;2010;Vendredi;0
181;1;06/02/2010;6;2;2010;Samedi;1
350;1;08/02/2010;8;2;2010;Lundi;1
285;1;09/02/2010;9;2;2010;Mardi;1
243;1;10/02/2010;10;2;2010;Mercredi;1
171;1;11/02/2010;11;2;2010;Jeudi;1
180;1;12/02/2010;12;2;2010;Vendredi;1
61;1;13/02/2010;13;2;2010;Samedi;1
235;1;15/02/2010;15;2;2010;Lundi;1
248;1;16/02/2010;16;2;2010;Mardi;1
186;1;17/02/2010;17;2;2010;Mercredi;1
187;1;18/02/2010;18;2;2010;Jeudi;1
260;1;19/02/2010;19;2;2010;Vendredi;1
164;1;20/02/2010;20;2;2010;Samedi;1
461;1;22/02/2010;22;2;2010;Lundi;0
444;1;23/02/2010;23;2;2010;Mardi;0
480;1;24/02/2010;24;2;2010;Mercredi;0
565;1;25/02/2010;25;2;2010;Jeudi;0
766;1;26/02/2010;26;2;2010;Vendredi;0
475;1;27/02/2010;27;2;2010;Samedi;0
1158;2;01/03/2010;1;3;2010;Lundi;0
810;2;02/03/2010;2;3;2010;Mardi;0
512;2;03/03/2010;3;3;2010;Mercredi;0
386;2;04/03/2010;4;3;2010;Jeudi;0
356;2;05/03/2010;5;3;2010;Vendredi;0
194;2;06/03/2010;6;3;2010;Samedi;0
398;2;08/03/2010;8;3;2010;Lundi;0
337;2;09/03/2010;9;3;2010;Mardi;0
357;2;10/03/2010;10;3;2010;Mercredi;0
299;2;11/03/2010;11;3;2010;Jeudi;0
257;2;12/03/2010;12;3;2010;Vendredi;0
133;2;13/03/2010;13;3;2010;Samedi;0
346;2;15/03/2010;15;3;2010;Lundi;0
303;2;16/03/2010;16;3;2010;Mardi;0
316;2;17/03/2010;17;3;2010;Mercredi;0
274;2;18/03/2010;18;3;2010;Jeudi;0
258;2;19/03/2010;19;3;2010;Vendredi;0
160;2;20/03/2010;20;3;2010;Samedi;0
433;2;22/03/2010;22;3;2010;Lundi;0
393;2;23/03/2010;23;3;2010;Mardi;0
418;2;24/03/2010;24;3;2010;Mercredi;0
309;2;25/03/2010;25;3;2010;Jeudi;0
434;2;26/03/2010;26;3;2010;Vendredi;0
260;2;27/03/2010;27;3;2010;Samedi;0
727;2;29/03/2010;29;3;2010;Lundi;0
748;2;30/03/2010;30;3;2010;Mardi;0
1064;2;31/03/2010;31;3;2010;Mercredi;0
932;3;01/04/2010;1;4;2010;Jeudi;0
562;3;02/04/2010;2;4;2010;Vendredi;0
209;3;03/04/2010;3;4;2010;Samedi;1
529;3;06/04/2010;6;4;2010;Mardi;1
419;3;07/04/2010;7;4;2010;Mercredi;1
346;3;08/04/2010;8;4;2010;Jeudi;1
334;3;09/04/2010;9;4;2010;Vendredi;1
169;3;10/04/2010;10;4;2010;Samedi;1
306;3;12/04/2010;12;4;2010;Lundi;1
284;3;13/04/2010;13;4;2010;Mardi;1
281;3;14/04/2010;14;4;2010;Mercredi;1
221;3;15/04/2010;15;4;2010;Jeudi;1
236;3;16/04/2010;16;4;2010;Vendredi;1
122;3;17/04/2010;17;4;2010;Samedi;1
330;3;19/04/2010;19;4;2010;Lundi;0
402;3;20/04/2010;20;4;2010;Mardi;0
407;3;21/04/2010;21;4;2010;Mercredi;0
361;3;22/04/2010;22;4;2010;Jeudi;0
311;3;23/04/2010;23;4;2010;Vendredi;0
176;3;24/04/2010;24;4;2010;Samedi;0
419;3;26/04/2010;26;4;2010;Lundi;0
466;3;27/04/2010;27;4;2010;Mardi;0
471;3;28/04/2010;28;4;2010;Mercredi;0
613;3;29/04/2010;29;4;2010;Jeudi;0
868;3;30/04/2010;30;4;2010;Vendredi;0
930;4;03/05/2010;3;5;2010;Lundi;0
677;4;04/05/2010;4;5;2010;Mardi;0
540;4;05/05/2010;5;5;2010;Mercredi;0
380;4;06/05/2010;6;5;2010;Jeudi;0
386;4;07/05/2010;7;5;2010;Vendredi;0
397;4;10/05/2010;10;5;2010;Lundi;0
380;4;11/05/2010;11;5;2010;Mardi;0
445;4;12/05/2010;12;5;2010;Mercredi;0
271;4;14/05/2010;14;5;2010;Vendredi;0
128;4;15/05/2010;15;5;2010;Samedi;0
441;4;17/05/2010;17;5;2010;Lundi;0
371;4;18/05/2010;18;5;2010;Mardi;0
415;4;19/05/2010;19;5;2010;Mercredi;0
347;4;20/05/2010;20;5;2010;Jeudi;0
345;4;21/05/2010;21;5;2010;Vendredi;0
175;4;22/05/2010;22;5;2010;Samedi;0
493;4;25/05/2010;25;5;2010;Mardi;0
471;4;26/05/2010;26;5;2010;Mercredi;0
342;4;27/05/2010;27;5;2010;Jeudi;0
644;4;28/05/2010;28;5;2010;Vendredi;0
318;4;29/05/2010;29;5;2010;Samedi;0
1186;4;31/05/2010;31;5;2010;Lundi;0
878;5;01/06/2010;1;6;2010;Mardi;0
670;5;02/06/2010;2;6;2010;Mercredi;0
476;5;03/06/2010;3;6;2010;Jeudi;0
387;5;04/06/2010;4;6;2010;Vendredi;0
158;5;05/06/2010;5;6;2010;Samedi;0
473;5;07/06/2010;7;6;2010;Lundi;0
428;5;08/06/2010;8;6;2010;Mardi;0
363;5;09/06/2010;9;6;2010;Mercredi;0
221;5;10/06/2010;10;6;2010;Jeudi;0
243;5;11/06/2010;11;6;2010;Vendredi;0
149;5;12/06/2010;12;6;2010;Samedi;0
298;5;14/06/2010;14;6;2010;Lundi;0
291;5;15/06/2010;15;6;2010;Mardi;0
262;5;16/06/2010;16;6;2010;Mercredi;0
238;5;17/06/2010;17;6;2010;Jeudi;0
236;5;18/06/2010;18;6;2010;Vendredi;0
150;5;19/06/2010;19;6;2010;Samedi;0
401;5;21/06/2010;21;6;2010;Lundi;0
346;5;22/06/2010;22;6;2010;Mardi;0
432;5;23/06/2010;23;6;2010;Mercredi;0
212;5;24/06/2010;24;6;2010;Jeudi;0
466;5;25/06/2010;25;6;2010;Vendredi;0
187;5;26/06/2010;26;6;2010;Samedi;0
660;5;28/06/2010;28;6;2010;Lundi;0
835;5;29/06/2010;29;6;2010;Mardi;0
926;5;30/06/2010;30;6;2010;Mercredi;0
809;6;01/07/2010;1;7;2010;Jeudi;0
668;6;02/07/2010;2;7;2010;Vendredi;1
246;6;03/07/2010;3;7;2010;Samedi;1
590;6;05/07/2010;5;7;2010;Lundi;1
497;6;06/07/2010;6;7;2010;Mardi;1
420;6;07/07/2010;7;7;2010;Mercredi;1
308;6;08/07/2010;8;7;2010;Jeudi;1
358;6;09/07/2010;9;7;2010;Vendredi;1
137;6;10/07/2010;10;7;2010;Samedi;1
361;6;12/07/2010;12;7;2010;Lundi;1
396;6;13/07/2010;13;7;2010;Mardi;1
365;6;15/07/2010;15;7;2010;Jeudi;1
309;6;16/07/2010;16;7;2010;Vendredi;1
136;6;17/07/2010;17;7;2010;Samedi;1
310;6;19/07/2010;19;7;2010;Lundi;1
302;6;20/07/2010;20;7;2010;Mardi;1
298;6;21/07/2010;21;7;2010;Mercredi;1
310;6;22/07/2010;22;7;2010;Jeudi;1
198;6;23/07/2010;23;7;2010;Vendredi;1
96;6;24/07/2010;24;7;2010;Samedi;1
385;6;26/07/2010;26;7;2010;Lundi;1
419;6;27/07/2010;27;7;2010;Mardi;1
388;6;28/07/2010;28;7;2010;Mercredi;1
391;6;29/07/2010;29;7;2010;Jeudi;1
598;6;30/07/2010;30;7;2010;Vendredi;1
313;6;31/07/2010;31;7;2010;Samedi;1
700;7;02/08/2010;2;8;2010;Lundi;1
555;7;03/08/2010;3;8;2010;Mardi;1
389;7;04/08/2010;4;8;2010;Mercredi;1
384;7;05/08/2010;5;8;2010;Jeudi;1
324;7;06/08/2010;6;8;2010;Vendredi;1
131;7;07/08/2010;7;8;2010;Samedi;1
325;7;09/08/2010;9;8;2010;Lundi;1
354;7;10/08/2010;10;8;2010;Mardi;1
300;7;11/08/2010;11;8;2010;Mercredi;1
281;7;12/08/2010;12;8;2010;Jeudi;1
265;7;13/08/2010;13;8;2010;Vendredi;1
112;7;14/08/2010;14;8;2010;Samedi;1
379;7;16/08/2010;16;8;2010;Lundi;1
349;7;17/08/2010;17;8;2010;Mardi;1
356;7;18/08/2010;18;8;2010;Mercredi;1
350;7;19/08/2010;19;8;2010;Jeudi;1
407;7;20/08/2010;20;8;2010;Vendredi;1
219;7;21/08/2010;21;8;2010;Samedi;1
509;7;23/08/2010;23;8;2010;Lundi;1
586;7;24/08/2010;24;8;2010;Mardi;1
600;7;25/08/2010;25;8;2010;Mercredi;1
558;7;26/08/2010;26;8;2010;Jeudi;1
652;7;27/08/2010;27;8;2010;Vendredi;1
405;7;28/08/2010;28;8;2010;Samedi;1
1131;7;30/08/2010;30;8;2010;Lundi;1
1227;7;31/08/2010;31;8;2010;Mardi;1
1199;8;01/09/2010;1;9;2010;Mercredi;1
1070;8;02/09/2010;2;9;2010;Jeudi;0
967;8;03/09/2010;3;9;2010;Vendredi;0
557;8;04/09/2010;4;9;2010;Samedi;0
937;8;06/09/2010;6;9;2010;Lundi;0
785;8;07/09/2010;7;9;2010;Mardi;0
823;8;08/09/2010;8;9;2010;Mercredi;0
746;8;09/09/2010;9;9;2010;Jeudi;0
634;8;10/09/2010;10;9;2010;Vendredi;0
318;8;11/09/2010;11;9;2010;Samedi;0
776;8;13/09/2010;13;9;2010;Lundi;0
764;8;14/09/2010;14;9;2010;Mardi;0
589;8;15/09/2010;15;9;2010;Mercredi;0
560;8;16/09/2010;16;9;2010;Jeudi;0
502;8;17/09/2010;17;9;2010;Vendredi;0
276;8;18/09/2010;18;9;2010;Samedi;0
678;8;20/09/2010;20;9;2010;Lundi;0
567;8;21/09/2010;21;9;2010;Mardi;0
642;8;22/09/2010;22;9;2010;Mercredi;0
424;8;23/09/2010;23;9;2010;Jeudi;0
562;8;24/09/2010;24;9;2010;Vendredi;0
328;8;25/09/2010;25;9;2010;Samedi;0
672;8;27/09/2010;27;9;2010;Lundi;0
716;8;28/09/2010;28;9;2010;Mardi;0
951;8;29/09/2010;29;9;2010;Mercredi;0
1169;8;30/09/2010;30;9;2010;Jeudi;0
1038;9;01/10/2010;1;10;2010;Vendredi;0
528;9;02/10/2010;2;10;2010;Samedi;0
962;9;04/10/2010;4;10;2010;Lundi;0
684;9;05/10/2010;5;10;2010;Mardi;0
631;9;06/10/2010;6;10;2010;Mercredi;0
511;9;07/10/2010;7;10;2010;Jeudi;0
450;9;08/10/2010;8;10;2010;Vendredi;0
258;9;09/10/2010;9;10;2010;Samedi;0
467;9;11/10/2010;11;10;2010;Lundi;0
283;9;12/10/2010;12;10;2010;Mardi;0
387;9;13/10/2010;13;10;2010;Mercredi;0
370;9;14/10/2010;14;10;2010;Jeudi;0
303;9;15/10/2010;15;10;2010;Vendredi;0
184;9;16/10/2010;16;10;2010;Samedi;0
355;9;18/10/2010;18;10;2010;Lundi;0
347;9;19/10/2010;19;10;2010;Mardi;0
397;9;20/10/2010;20;10;2010;Mercredi;0
407;9;21/10/2010;21;10;2010;Jeudi;0
401;9;22/10/2010;22;10;2010;Vendredi;0
172;9;23/10/2010;23;10;2010;Samedi;1
460;9;25/10/2010;25;10;2010;Lundi;1
445;9;26/10/2010;26;10;2010;Mardi;1
474;9;27/10/2010;27;10;2010;Mercredi;1
408;9;28/10/2010;28;10;2010;Jeudi;1
700;9;29/10/2010;29;10;2010;Vendredi;1
421;9;30/10/2010;30;10;2010;Samedi;1
996;10;02/11/2010;2;11;2010;Mardi;1
956;10;03/11/2010;3;11;2010;Mercredi;1
665;10;04/11/2010;4;11;2010;Jeudi;0
534;10;05/11/2010;5;11;2010;Vendredi;0
255;10;06/11/2010;6;11;2010;Samedi;0
482;10;08/11/2010;8;11;2010;Lundi;0
414;10;09/11/2010;9;11;2010;Mardi;0
427;10;10/11/2010;10;11;2010;Mercredi;0
262;10;12/11/2010;12;11;2010;Vendredi;0
158;10;13/11/2010;13;11;2010;Samedi;0
415;10;15/11/2010;15;11;2010;Lundi;0
309;10;16/11/2010;16;11;2010;Mardi;0
285;10;17/11/2010;17;11;2010;Mercredi;0
293;10;18/11/2010;18;11;2010;Jeudi;0
246;10;19/11/2010;19;11;2010;Vendredi;0
223;10;20/11/2010;20;11;2010;Samedi;0
471;10;22/11/2010;22;11;2010;Lundi;0
439;10;23/11/2010;23;11;2010;Mardi;0
450;10;24/11/2010;24;11;2010;Mercredi;0
390;10;25/11/2010;25;11;2010;Jeudi;0
434;10;26/11/2010;26;11;2010;Vendredi;0
319;10;27/11/2010;27;11;2010;Samedi;0
915;10;29/11/2010;29;11;2010;Lundi;0
1134;10;30/11/2010;30;11;2010;Mardi;0
1006;11;01/12/2010;1;12;2010;Mercredi;0
706;11;02/12/2010;2;12;2010;Jeudi;0
437;11;03/12/2010;3;12;2010;Vendredi;0
220;11;04/12/2010;4;12;2010;Samedi;0
527;11;06/12/2010;6;12;2010;Lundi;0
379;11;07/12/2010;7;12;2010;Mardi;0
294;11;08/12/2010;8;12;2010;Mercredi;0
325;11;09/12/2010;9;12;2010;Jeudi;0
310;11;10/12/2010;10;12;2010;Vendredi;0
181;11;11/12/2010;11;12;2010;Samedi;0
343;11;13/12/2010;13;12;2010;Lundi;0
297;11;14/12/2010;14;12;2010;Mardi;0
287;11;15/12/2010;15;12;2010;Mercredi;0
269;11;16/12/2010;16;12;2010;Jeudi;0
284;11;17/12/2010;17;12;2010;Vendredi;0
158;11;18/12/2010;18;12;2010;Samedi;1
412;11;20/12/2010;20;12;2010;Lundi;1
351;11;21/12/2010;21;12;2010;Mardi;1
271;11;22/12/2010;22;12;2010;Mercredi;1
268;11;23/12/2010;23;12;2010;Jeudi;1
129;11;24/12/2010;24;12;2010;Vendredi;1
416;11;27/12/2010;27;12;2010;Lundi;1
424;11;28/12/2010;28;12;2010;Mardi;1
530;11;29/12/2010;29;12;2010;Mercredi;1
626;11;30/12/2010;30;12;2010;Jeudi;1
484;11;31/12/2010;31;12;2010;Vendredi;1
1145;12;03/01/2011;3;1;2011;Lundi;0
803;12;04/01/2011;4;1;2011;Mardi;0
657;12;05/01/2011;5;1;2011;Mercredi;0
495;12;06/01/2011;6;1;2011;Jeudi;0
435;12;07/01/2011;7;1;2011;Vendredi;0
220;12;08/01/2011;8;1;2011;Samedi;0
495;12;10/01/2011;10;1;2011;Lundi;0
397;12;11/01/2011;11;1;2011;Mardi;0
431;12;12/01/2011;12;1;2011;Mercredi;0
369;12;13/01/2011;13;1;2011;Jeudi;0
282;12;14/01/2011;14;1;2011;Vendredi;0
122;12;15/01/2011;15;1;2011;Samedi;0
401;12;17/01/2011;17;1;2011;Lundi;0
290;12;18/01/2011;18;1;2011;Mardi;0
391;12;19/01/2011;19;1;2011;Mercredi;0
348;12;20/01/2011;20;1;2011;Jeudi;0
341;12;21/01/2011;21;1;2011;Vendredi;0
172;12;22/01/2011;22;1;2011;Samedi;0
457;12;24/01/2011;24;1;2011;Lundi;0
431;12;25/01/2011;25;1;2011;Mardi;0
375;12;26/01/2011;26;1;2011;Mercredi;0
478;12;27/01/2011;27;1;2011;Jeudi;0
534;12;28/01/2011;28;1;2011;Vendredi;0
365;12;29/01/2011;29;1;2011;Samedi;0
1196;12;31/01/2011;31;1;2011;Lundi;0
901;13;01/02/2011;1;2;2011;Mardi;0
614;13;02/02/2011;2;2;2011;Mercredi;0
442;13;03/02/2011;3;2;2011;Jeudi;0
400;13;04/02/2011;4;2;2011;Vendredi;0
216;13;05/02/2011;5;2;2011;Samedi;0
440;13;07/02/2011;7;2;2011;Lundi;0
349;13;08/02/2011;8;2;2011;Mardi;0
321;13;09/02/2011;9;2;2011;Mercredi;0
305;13;10/02/2011;10;2;2011;Jeudi;0
272;13;11/02/2011;11;2;2011;Vendredi;0
145;13;12/02/2011;12;2;2011;Samedi;0
297;13;14/02/2011;14;2;2011;Lundi;0
250;13;15/02/2011;15;2;2011;Mardi;0
321;13;16/02/2011;16;2;2011;Mercredi;0
273;13;17/02/2011;17;2;2011;Jeudi;0
343;13;18/02/2011;18;2;2011;Vendredi;0
188;13;19/02/2011;19;2;2011;Samedi;1
406;13;21/02/2011;21;2;2011;Lundi;1
438;13;22/02/2011;22;2;2011;Mardi;1
392;13;23/02/2011;23;2;2011;Mercredi;1
373;13;24/02/2011;24;2;2011;Jeudi;1
512;13;25/02/2011;25;2;2011;Vendredi;1
262;13;26/02/2011;26;2;2011;Samedi;1
1153;13;28/02/2011;28;2;2011;Lundi;1
973;14;01/03/2011;1;3;2011;Mardi;1
658;14;02/03/2011;2;3;2011;Mercredi;1
446;14;03/03/2011;3;3;2011;Jeudi;1
415;14;04/03/2011;4;3;2011;Vendredi;1
243;14;05/03/2011;5;3;2011;Samedi;1
602;14;07/03/2011;7;3;2011;Lundi;0
477;14;08/03/2011;8;3;2011;Mardi;0
442;14;09/03/2011;9;3;2011;Mercredi;0
330;14;10/03/2011;10;3;2011;Jeudi;0
300;14;11/03/2011;11;3;2011;Vendredi;0
185;14;12/03/2011;12;3;2011;Samedi;0
357;14;14/03/2011;14;3;2011;Lundi;0
360;14;15/03/2011;15;3;2011;Mardi;0
327;14;16/03/2011;16;3;2011;Mercredi;0
316;14;17/03/2011;17;3;2011;Jeudi;0
279;14;18/03/2011;18;3;2011;Vendredi;0
188;14;19/03/2011;19;3;2011;Samedi;0
484;14;21/03/2011;21;3;2011;Lundi;0
446;14;22/03/2011;22;3;2011;Mardi;0
410;14;23/03/2011;23;3;2011;Mercredi;0
362;14;24/03/2011;24;3;2011;Jeudi;0
398;14;25/03/2011;25;3;2011;Vendredi;0
220;14;26/03/2011;26;3;2011;Samedi;0
497;14;28/03/2011;28;3;2011;Lundi;0
592;14;29/03/2011;29;3;2011;Mardi;0
772;14;30/03/2011;30;3;2011;Mercredi;0
927;14;31/03/2011;31;3;2011;Jeudi;0
886;15;01/04/2011;1;4;2011;Vendredi;0
357;15;02/04/2011;2;4;2011;Samedi;0
696;15;04/04/2011;4;4;2011;Lundi;0
553;15;05/04/2011;5;4;2011;Mardi;0
500;15;06/04/2011;6;4;2011;Mercredi;0
382;15;07/04/2011;7;4;2011;Jeudi;0
352;15;08/04/2011;8;4;2011;Vendredi;0
179;15;09/04/2011;9;4;2011;Samedi;0
355;15;11/04/2011;11;4;2011;Lundi;0
312;15;12/04/2011;12;4;2011;Mardi;0
294;15;13/04/2011;13;4;2011;Mercredi;0
310;15;14/04/2011;14;4;2011;Jeudi;0
272;15;15/04/2011;15;4;2011;Vendredi;0
158;15;16/04/2011;16;4;2011;Samedi;1
286;15;18/04/2011;18;4;2011;Lundi;1
249;15;19/04/2011;19;4;2011;Mardi;1
295;15;20/04/2011;20;4;2011;Mercredi;1
261;15;21/04/2011;21;4;2011;Jeudi;1
236;15;22/04/2011;22;4;2011;Vendredi;1
98;15;23/04/2011;23;4;2011;Samedi;1
413;15;26/04/2011;26;4;2011;Mardi;1
410;15;27/04/2011;27;4;2011;Mercredi;1
457;15;28/04/2011;28;4;2011;Jeudi;1
677;15;29/04/2011;29;4;2011;Vendredi;1
472;15;30/04/2011;30;4;2011;Samedi;1
1005;16;02/05/2011;2;5;2011;Lundi;0
703;16;03/05/2011;3;5;2011;Mardi;0
527;16;04/05/2011;4;5;2011;Mercredi;0
398;16;05/05/2011;5;5;2011;Jeudi;0
345;16;06/05/2011;6;5;2011;Vendredi;0
168;16;07/05/2011;7;5;2011;Samedi;0
440;16;09/05/2011;9;5;2011;Lundi;0
398;16;10/05/2011;10;5;2011;Mardi;0
358;16;11/05/2011;11;5;2011;Mercredi;0
255;16;12/05/2011;12;5;2011;Jeudi;0
230;16;13/05/2011;13;5;2011;Vendredi;0
119;16;14/05/2011;14;5;2011;Samedi;0
300;16;16/05/2011;16;5;2011;Lundi;0
269;16;17/05/2011;17;5;2011;Mardi;0
309;16;18/05/2011;18;5;2011;Mercredi;0
235;16;19/05/2011;19;5;2011;Jeudi;0
300;16;20/05/2011;20;5;2011;Vendredi;0
160;16;21/05/2011;21;5;2011;Samedi;0
364;16;23/05/2011;23;5;2011;Lundi;0
331;16;24/05/2011;24;5;2011;Mardi;0
365;16;25/05/2011;25;5;2011;Mercredi;0
370;16;26/05/2011;26;5;2011;Jeudi;0
479;16;27/05/2011;27;5;2011;Vendredi;0
236;16;28/05/2011;28;5;2011;Samedi;0
754;16;30/05/2011;30;5;2011;Lundi;0
914;16;31/05/2011;31;5;2011;Mardi;0
766;17;01/06/2011;1;6;2011;Mercredi;0
478;17;03/06/2011;3;6;2011;Vendredi;0
145;17;04/06/2011;4;6;2011;Samedi;0
600;17;06/06/2011;6;6;2011;Lundi;0
406;17;07/06/2011;7;6;2011;Mardi;0
418;17;08/06/2011;8;6;2011;Mercredi;0
315;17;09/06/2011;9;6;2011;Jeudi;0
272;17;10/06/2011;10;6;2011;Vendredi;0
101;17;11/06/2011;11;6;2011;Samedi;0
360;17;14/06/2011;14;6;2011;Mardi;0
290;17;15/06/2011;15;6;2011;Mercredi;0
253;17;16/06/2011;16;6;2011;Jeudi;0
216;17;17/06/2011;17;6;2011;Vendredi;0
115;17;18/06/2011;18;6;2011;Samedi;0
402;17;20/06/2011;20;6;2011;Lundi;0
348;17;21/06/2011;21;6;2011;Mardi;0
337;17;22/06/2011;22;6;2011;Mercredi;0
312;17;23/06/2011;23;6;2011;Jeudi;0
373;17;24/06/2011;24;6;2011;Vendredi;0
167;17;25/06/2011;25;6;2011;Samedi;0
449;17;27/06/2011;27;6;2011;Lundi;0
501;17;28/06/2011;28;6;2011;Mardi;0
648;17;29/06/2011;29;6;2011;Mercredi;0
956;17;30/06/2011;30;6;2011;Jeudi;0
797;18;01/07/2011;1;7;2011;Vendredi;0
301;18;02/07/2011;2;7;2011;Samedi;1
557;18;04/07/2011;4;7;2011;Lundi;1
534;18;05/07/2011;5;7;2011;Mardi;1
436;18;06/07/2011;6;7;2011;Mercredi;1
356;18;07/07/2011;7;7;2011;Jeudi;1
326;18;08/07/2011;8;7;2011;Vendredi;1
136;18;09/07/2011;9;7;2011;Samedi;1
334;18;11/07/2011;11;7;2011;Lundi;1
260;18;12/07/2011;12;7;2011;Mardi;1
275;18;13/07/2011;13;7;2011;Mercredi;1
214;18;15/07/2011;15;7;2011;Vendredi;1
90;18;16/07/2011;16;7;2011;Samedi;1
253;18;18/07/2011;18;7;2011;Lundi;1
251;18;19/07/2011;19;7;2011;Mardi;1
313;18;20/07/2011;20;7;2011;Mercredi;1
266;18;21/07/2011;21;7;2011;Jeudi;1
258;18;22/07/2011;22;7;2011;Vendredi;1
132;18;23/07/2011;23;7;2011;Samedi;1
376;18;25/07/2011;25;7;2011;Lundi;1
335;18;26/07/2011;26;7;2011;Mardi;1
344;18;27/07/2011;27;7;2011;Mercredi;1
386;18;28/07/2011;28;7;2011;Jeudi;1
496;18;29/07/2011;29;7;2011;Vendredi;1
337;18;30/07/2011;30;7;2011;Samedi;1
746;19;01/08/2011;1;8;2011;Lundi;1
519;19;02/08/2011;2;8;2011;Mardi;1
366;19;03/08/2011;3;8;2011;Mercredi;1
277;19;04/08/2011;4;8;2011;Jeudi;1
251;19;05/08/2011;5;8;2011;Vendredi;1
111;19;06/08/2011;6;8;2011;Samedi;1
318;19;08/08/2011;8;8;2011;Lundi;1
330;19;09/08/2011;9;8;2011;Mardi;1
281;19;10/08/2011;10;8;2011;Mercredi;1
261;19;11/08/2011;11;8;2011;Jeudi;1
221;19;12/08/2011;12;8;2011;Vendredi;1
126;19;13/08/2011;13;8;2011;Samedi;1
322;19;16/08/2011;16;8;2011;Mardi;1
260;19;17/08/2011;17;8;2011;Mercredi;1
261;19;18/08/2011;18;8;2011;Jeudi;1
315;19;19/08/2011;19;8;2011;Vendredi;1
172;19;20/08/2011;20;8;2011;Samedi;1
453;19;22/08/2011;22;8;2011;Lundi;1
490;19;23/08/2011;23;8;2011;Mardi;1
502;19;24/08/2011;24;8;2011;Mercredi;1
454;19;25/08/2011;25;8;2011;Jeudi;1
476;19;26/08/2011;26;8;2011;Vendredi;1
312;19;27/08/2011;27;8;2011;Samedi;1
835;19;29/08/2011;29;8;2011;Lundi;1
959;19;30/08/2011;30;8;2011;Mardi;1
1158;19;31/08/2011;31;8;2011;Mercredi;1
1161;20;01/09/2011;1;9;2011;Jeudi;1
1134;20;02/09/2011;2;9;2011;Vendredi;1
621;20;03/09/2011;3;9;2011;Samedi;1
1204;20;05/09/2011;5;9;2011;Lundi;0
1060;20;06/09/2011;6;9;2011;Mardi;0
939;20;07/09/2011;7;9;2011;Mercredi;0
780;20;08/09/2011;8;9;2011;Jeudi;0
668;20;09/09/2011;9;9;2011;Vendredi;0
406;20;10/09/2011;10;9;2011;Samedi;0
812;20;12/09/2011;12;9;2011;Lundi;0
651;20;13/09/2011;13;9;2011;Mardi;0
666;20;14/09/2011;14;9;2011;Mercredi;0
499;20;15/09/2011;15;9;2011;Jeudi;0
441;20;16/09/2011;16;9;2011;Vendredi;0
246;20;17/09/2011;17;9;2011;Samedi;0
559;20;19/09/2011;19;9;2011;Lundi;0
552;20;20/09/2011;20;9;2011;Mardi;0
567;20;21/09/2011;21;9;2011;Mercredi;0
472;20;22/09/2011;22;9;2011;Jeudi;0
502;20;23/09/2011;23;9;2011;Vendredi;0
325;20;24/09/2011;24;9;2011;Samedi;0
681;20;26/09/2011;26;9;2011;Lundi;0
635;20;27/09/2011;27;9;2011;Mardi;0
722;20;28/09/2011;28;9;2011;Mercredi;0
762;20;29/09/2011;29;9;2011;Jeudi;0
1004;20;30/09/2011;30;9;2011;Vendredi;0
652;21;01/10/2011;1;10;2011;Samedi;0
1100;21;03/10/2011;3;10;2011;Lundi;0
828;21;04/10/2011;4;10;2011;Mardi;0
730;21;05/10/2011;5;10;2011;Mercredi;0
557;21;06/10/2011;6;10;2011;Jeudi;0
494;21;07/10/2011;7;10;2011;Vendredi;0
230;21;08/10/2011;8;10;2011;Samedi;0
516;21;10/10/2011;10;10;2011;Lundi;0
332;21;11/10/2011;11;10;2011;Mardi;0
380;21;12/10/2011;12;10;2011;Mercredi;0
308;21;13/10/2011;13;10;2011;Jeudi;0
311;21;14/10/2011;14;10;2011;Vendredi;0
206;21;15/10/2011;15;10;2011;Samedi;0
386;21;17/10/2011;17;10;2011;Lundi;0
285;21;18/10/2011;18;10;2011;Mardi;0
354;21;19/10/2011;19;10;2011;Mercredi;0
382;21;20/10/2011;20;10;2011;Jeudi;0
342;21;21/10/2011;21;10;2011;Vendredi;0
207;21;22/10/2011;22;10;2011;Samedi;1
415;21;24/10/2011;24;10;2011;Lundi;1
393;21;25/10/2011;25;10;2011;Mardi;1
389;21;26/10/2011;26;10;2011;Mercredi;1
352;21;27/10/2011;27;10;2011;Jeudi;1
534;21;28/10/2011;28;10;2011;Vendredi;1
275;21;29/10/2011;29;10;2011;Samedi;1
907;21;31/10/2011;31;10;2011;Lundi;1
1124;22;02/11/2011;2;11;2011;Mercredi;1
725;22;03/11/2011;3;11;2011;Jeudi;0
585;22;04/11/2011;4;11;2011;Vendredi;0
248;22;05/11/2011;5;11;2011;Samedi;0
505;22;07/11/2011;7;11;2011;Lundi;0
365;22;08/11/2011;8;11;2011;Mardi;0
419;22;09/11/2011;9;11;2011;Mercredi;0
279;22;10/11/2011;10;11;2011;Jeudi;0
176;22;12/11/2011;12;11;2011;Samedi;0
308;22;14/11/2011;14;11;2011;Lundi;0
310;22;15/11/2011;15;11;2011;Mardi;0
298;22;16/11/2011;16;11;2011;Mercredi;0
247;22;17/11/2011;17;11;2011;Jeudi;0
217;22;18/11/2011;18;11;2011;Vendredi;0
149;22;19/11/2011;19;11;2011;Samedi;0
370;22;21/11/2011;21;11;2011;Lundi;0
375;22;22/11/2011;22;11;2011;Mardi;0
368;22;23/11/2011;23;11;2011;Mercredi;0
293;22;24/11/2011;24;11;2011;Jeudi;0
376;22;25/11/2011;25;11;2011;Vendredi;0
260;22;26/11/2011;26;11;2011;Samedi;0
576;22;28/11/2011;28;11;2011;Lundi;0
687;22;29/11/2011;29;11;2011;Mardi;0
1127;22;30/11/2011;30;11;2011;Mercredi;0
993;23;01/12/2011;1;12;2011;Jeudi;0
689;23;02/12/2011;2;12;2011;Vendredi;0
295;23;03/12/2011;3;12;2011;Samedi;0
643;23;05/12/2011;5;12;2011;Lundi;0
414;23;06/12/2011;6;12;2011;Mardi;0
418;23;07/12/2011;7;12;2011;Mercredi;0
326;23;08/12/2011;8;12;2011;Jeudi;0
201;23;09/12/2011;9;12;2011;Vendredi;0
123;23;10/12/2011;10;12;2011;Samedi;0
296;23;12/12/2011;12;12;2011;Lundi;0
234;23;13/12/2011;13;12;2011;Mardi;0
290;23;14/12/2011;14;12;2011;Mercredi;0
202;23;15/12/2011;15;12;2011;Jeudi;0
178;23;16/12/2011;16;12;2011;Vendredi;0
135;23;17/12/2011;17;12;2011;Samedi;1
242;23;19/12/2011;19;12;2011;Lundi;1
358;23;20/12/2011;20;12;2011;Mardi;1
239;23;21/12/2011;21;12;2011;Mercredi;1
254;23;22/12/2011;22;12;2011;Jeudi;1
226;23;23/12/2011;23;12;2011;Vendredi;1
56;23;24/12/2011;24;12;2011;Samedi;1
258;23;26/12/2011;26;12;2011;Lundi;1
370;23;27/12/2011;27;12;2011;Mardi;1
396;23;28/12/2011;28;12;2011;Mercredi;1
525;23;29/12/2011;29;12;2011;Jeudi;1
514;23;30/12/2011;30;12;2011;Vendredi;1
269;23;31/12/2011;31;12;2011;Samedi;1
935;24;02/01/2012;2;1;2012;Lundi;1
843;24;03/01/2012;3;1;2012;Mardi;0
657;24;04/01/2012;4;1;2012;Mercredi;0
460;24;05/01/2012;5;1;2012;Jeudi;0
520;24;06/01/2012;6;1;2012;Vendredi;0
262;24;07/01/2012;7;1;2012;Samedi;0
496;24;09/01/2012;9;1;2012;Lundi;0
434;24;10/01/2012;10;1;2012;Mardi;0
402;24;11/01/2012;11;1;2012;Mercredi;0
296;24;12/01/2012;12;1;2012;Jeudi;0
293;24;13/01/2012;13;1;2012;Vendredi;0
178;24;14/01/2012;14;1;2012;Samedi;0
388;24;16/01/2012;16;1;2012;Lundi;0
319;24;17/01/2012;17;1;2012;Mardi;0
292;24;18/01/2012;18;1;2012;Mercredi;0
249;24;19/01/2012;19;1;2012;Jeudi;0
329;24;20/01/2012;20;1;2012;Vendredi;0
179;24;21/01/2012;21;1;2012;Samedi;0
409;24;23/01/2012;23;1;2012;Lundi;0
368;24;24/01/2012;24;1;2012;Mardi;0
397;24;25/01/2012;25;1;2012;Mercredi;0
339;24;26/01/2012;26;1;2012;Jeudi;0
393;24;27/01/2012;27;1;2012;Vendredi;0
272;24;28/01/2012;28;1;2012;Samedi;0
743;24;30/01/2012;30;1;2012;Lundi;0
1035;24;31/01/2012;31;1;2012;Mardi;0
934;25;01/02/2012;1;2;2012;Mercredi;0
550;25;02/02/2012;2;2;2012;Jeudi;0
375;25;03/02/2012;3;2;2012;Vendredi;0
218;25;04/02/2012;4;2;2012;Samedi;0
417;25;06/02/2012;6;2;2012;Lundi;0
349;25;07/02/2012;7;2;2012;Mardi;0
302;25;08/02/2012;8;2;2012;Mercredi;0
255;25;09/02/2012;9;2;2012;Jeudi;0
273;25;10/02/2012;10;2;2012;Vendredi;0
126;25;11/02/2012;11;2;2012;Samedi;0
289;25;13/02/2012;13;2;2012;Lundi;0
194;25;14/02/2012;14;2;2012;Mardi;0
220;25;15/02/2012;15;2;2012;Mercredi;0
224;25;16/02/2012;16;2;2012;Jeudi;0
232;25;17/02/2012;17;2;2012;Vendredi;0
132;25;18/02/2012;18;2;2012;Samedi;0
346;25;20/02/2012;20;2;2012;Lundi;0
313;25;21/02/2012;21;2;2012;Mardi;0
295;25;22/02/2012;22;2;2012;Mercredi;0
292;25;23/02/2012;23;2;2012;Jeudi;0
363;25;24/02/2012;24;2;2012;Vendredi;0
224;25;25/02/2012;25;2;2012;Samedi;1
539;25;27/02/2012;27;2;2012;Lundi;1
668;25;28/02/2012;28;2;2012;Mardi;1
897;25;29/02/2012;29;2;2012;Mercredi;1
680;26;01/03/2012;1;3;2012;Jeudi;1
557;26;02/03/2012;2;3;2012;Vendredi;1
172;26;03/03/2012;3;3;2012;Samedi;1
603;26;05/03/2012;5;3;2012;Lundi;1
490;26;06/03/2012;6;3;2012;Mardi;1
335;26;07/03/2012;7;3;2012;Mercredi;1
282;26;08/03/2012;8;3;2012;Jeudi;1
283;26;09/03/2012;9;3;2012;Vendredi;1
150;26;10/03/2012;10;3;2012;Samedi;1
379;26;12/03/2012;12;3;2012;Lundi;0
308;26;13/03/2012;13;3;2012;Mardi;0
237;26;14/03/2012;14;3;2012;Mercredi;0
211;26;15/03/2012;15;3;2012;Jeudi;0
278;26;16/03/2012;16;3;2012;Vendredi;0
142;26;17/03/2012;17;3;2012;Samedi;0
312;26;19/03/2012;19;3;2012;Lundi;0
363;26;20/03/2012;20;3;2012;Mardi;0
333;26;21/03/2012;21;3;2012;Mercredi;0
268;26;22/03/2012;22;3;2012;Jeudi;0
271;26;23/03/2012;23;3;2012;Vendredi;0
187;26;24/03/2012;24;3;2012;Samedi;0
343;26;26/03/2012;26;3;2012;Lundi;0
417;26;27/03/2012;27;3;2012;Mardi;0
429;26;28/03/2012;28;3;2012;Mercredi;0
460;26;29/03/2012;29;3;2012;Jeudi;0
677;26;30/03/2012;30;3;2012;Vendredi;0
614;26;31/03/2012;31;3;2012;Samedi;0
1167;27;02/04/2012;2;4;2012;Lundi;0
642;27;03/04/2012;3;4;2012;Mardi;0
443;27;04/04/2012;4;4;2012;Mercredi;0
395;27;05/04/2012;5;4;2012;Jeudi;0
328;27;06/04/2012;6;4;2012;Vendredi;0
173;27;07/04/2012;7;4;2012;Samedi;0
306;27;10/04/2012;10;4;2012;Mardi;0
273;27;11/04/2012;11;4;2012;Mercredi;0
280;27;12/04/2012;12;4;2012;Jeudi;0
267;27;13/04/2012;13;4;2012;Vendredi;0
113;27;14/04/2012;14;4;2012;Samedi;0
268;27;16/04/2012;16;4;2012;Lundi;0
183;27;17/04/2012;17;4;2012;Mardi;0
256;27;18/04/2012;18;4;2012;Mercredi;0
257;27;19/04/2012;19;4;2012;Jeudi;0
284;27;20/04/2012;20;4;2012;Vendredi;0
153;27;21/04/2012;21;4;2012;Samedi;1
259;27;23/04/2012;23;4;2012;Lundi;1
323;27;24/04/2012;24;4;2012;Mardi;1
318;27;25/04/2012;25;4;2012;Mercredi;1
303;27;26/04/2012;26;4;2012;Jeudi;1
388;27;27/04/2012;27;4;2012;Vendredi;1
170;27;28/04/2012;28;4;2012;Samedi;1
692;27;30/04/2012;30;4;2012;Lundi;1
920;28;02/05/2012;2;5;2012;Mercredi;1
534;28;03/05/2012;3;5;2012;Jeudi;1
451;28;04/05/2012;4;5;2012;Vendredi;1
177;28;05/05/2012;5;5;2012;Samedi;1
494;28;07/05/2012;7;5;2012;Lundi;0
444;28;09/05/2012;9;5;2012;Mercredi;0
313;28;10/05/2012;10;5;2012;Jeudi;0
263;28;11/05/2012;11;5;2012;Vendredi;0
143;28;12/05/2012;12;5;2012;Samedi;0
299;28;14/05/2012;14;5;2012;Lundi;0
203;28;15/05/2012;15;5;2012;Mardi;0
191;28;16/05/2012;16;5;2012;Mercredi;0
179;28;18/05/2012;18;5;2012;Vendredi;0
95;28;19/05/2012;19;5;2012;Samedi;0
267;28;21/05/2012;21;5;2012;Lundi;0
285;28;22/05/2012;22;5;2012;Mardi;0
317;28;23/05/2012;23;5;2012;Mercredi;0
265;28;24/05/2012;24;5;2012;Jeudi;0
250;28;25/05/2012;25;5;2012;Vendredi;0
210;28;26/05/2012;26;5;2012;Samedi;0
650;28;29/05/2012;29;5;2012;Mardi;0
679;28;30/05/2012;30;5;2012;Mercredi;0
978;28;31/05/2012;31;5;2012;Jeudi;0
813;29;01/06/2012;1;6;2012;Vendredi;0
271;29;02/06/2012;2;6;2012;Samedi;0
559;29;04/06/2012;4;6;2012;Lundi;0
454;29;05/06/2012;5;6;2012;Mardi;0
455;29;06/06/2012;6;6;2012;Mercredi;0
238;29;07/06/2012;7;6;2012;Jeudi;0
268;29;08/06/2012;8;6;2012;Vendredi;0
149;29;09/06/2012;9;6;2012;Samedi;0
259;29;11/06/2012;11;6;2012;Lundi;0
214;29;12/06/2012;12;6;2012;Mardi;0
206;29;13/06/2012;13;6;2012;Mercredi;0
208;29;14/06/2012;14;6;2012;Jeudi;0
195;29;15/06/2012;15;6;2012;Vendredi;0
90;29;16/06/2012;16;6;2012;Samedi;0
250;29;18/06/2012;18;6;2012;Lundi;0
179;29;19/06/2012;19;6;2012;Mardi;0
327;29;20/06/2012;20;6;2012;Mercredi;0
248;29;21/06/2012;21;6;2012;Jeudi;0
303;29;22/06/2012;22;6;2012;Vendredi;0
148;29;23/06/2012;23;6;2012;Samedi;0
391;29;25/06/2012;25;6;2012;Lundi;0
403;29;26/06/2012;26;6;2012;Mardi;0
441;29;27/06/2012;27;6;2012;Mercredi;0
436;29;28/06/2012;28;6;2012;Jeudi;0
594;29;29/06/2012;29;6;2012;Vendredi;0
518;29;30/06/2012;30;6;2012;Samedi;0
987;30;02/07/2012;2;7;2012;Lundi;0
656;30;03/07/2012;3;7;2012;Mardi;0
522;30;04/07/2012;4;7;2012;Mercredi;0
398;30;05/07/2012;5;7;2012;Jeudi;1
419;30;06/07/2012;6;7;2012;Vendredi;1
122;30;07/07/2012;7;7;2012;Samedi;1
414;30;09/07/2012;9;7;2012;Lundi;1
337;30;10/07/2012;10;7;2012;Mardi;1
290;30;11/07/2012;11;7;2012;Mercredi;1
246;30;12/07/2012;12;7;2012;Jeudi;1
146;30;13/07/2012;13;7;2012;Vendredi;1
272;30;16/07/2012;16;7;2012;Lundi;1
251;30;17/07/2012;17;7;2012;Mardi;1
243;30;18/07/2012;18;7;2012;Mercredi;1
220;30;19/07/2012;19;7;2012;Jeudi;1
202;30;20/07/2012;20;7;2012;Vendredi;1
128;30;21/07/2012;21;7;2012;Samedi;1
287;30;23/07/2012;23;7;2012;Lundi;1
299;30;24/07/2012;24;7;2012;Mardi;1
252;30;25/07/2012;25;7;2012;Mercredi;1
212;30;26/07/2012;26;7;2012;Jeudi;1
320;30;27/07/2012;27;7;2012;Vendredi;1
275;30;28/07/2012;28;7;2012;Samedi;1
639;30;30/07/2012;30;7;2012;Lundi;1
1002;30;31/07/2012;31;7;2012;Mardi;1
668;31;01/08/2012;1;8;2012;Mercredi;1
535;31;02/08/2012;2;8;2012;Jeudi;1
439;31;03/08/2012;3;8;2012;Vendredi;1
187;31;04/08/2012;4;8;2012;Samedi;1
412;31;06/08/2012;6;8;2012;Lundi;1
383;31;07/08/2012;7;8;2012;Mardi;1
283;31;08/08/2012;8;8;2012;Mercredi;1
288;31;09/08/2012;9;8;2012;Jeudi;1
246;31;10/08/2012;10;8;2012;Vendredi;1
138;31;11/08/2012;11;8;2012;Samedi;1
301;31;13/08/2012;13;8;2012;Lundi;1
288;31;14/08/2012;14;8;2012;Mardi;1
327;31;16/08/2012;16;8;2012;Jeudi;1
246;31;17/08/2012;17;8;2012;Vendredi;1
94;31;18/08/2012;18;8;2012;Samedi;1
434;31;20/08/2012;20;8;2012;Lundi;1
420;31;21/08/2012;21;8;2012;Mardi;1
480;31;22/08/2012;22;8;2012;Mercredi;1
494;31;23/08/2012;23;8;2012;Jeudi;1
476;31;24/08/2012;24;8;2012;Vendredi;1
299;31;25/08/2012;25;8;2012;Samedi;1
673;31;27/08/2012;27;8;2012;Lundi;1
818;31;28/08/2012;28;8;2012;Mardi;1
826;31;29/08/2012;29;8;2012;Mercredi;1
921;31;30/08/2012;30;8;2012;Jeudi;1
1188;31;31/08/2012;31;8;2012;Vendredi;1
738;32;01/09/2012;1;9;2012;Samedi;1
1309;32;03/09/2012;3;9;2012;Lundi;1
1195;32;04/09/2012;4;9;2012;Mardi;0
1071;32;05/09/2012;5;9;2012;Mercredi;0
975;32;06/09/2012;6;9;2012;Jeudi;0
808;32;07/09/2012;7;9;2012;Vendredi;0
401;32;08/09/2012;8;9;2012;Samedi;0
891;32;10/09/2012;10;9;2012;Lundi;0
765;32;11/09/2012;11;9;2012;Mardi;0
647;32;12/09/2012;12;9;2012;Mercredi;0
610;32;13/09/2012;13;9;2012;Jeudi;0
516;32;14/09/2012;14;9;2012;Vendredi;0
301;32;15/09/2012;15;9;2012;Samedi;0
645;32;17/09/2012;17;9;2012;Lundi;0
547;32;18/09/2012;18;9;2012;Mardi;0
591;32;19/09/2012;19;9;2012;Mercredi;0
551;32;20/09/2012;20;9;2012;Jeudi;0
457;32;21/09/2012;21;9;2012;Vendredi;0
381;32;22/09/2012;22;9;2012;Samedi;0
596;32;24/09/2012;24;9;2012;Lundi;0
629;32;25/09/2012;25;9;2012;Mardi;0
703;32;26/09/2012;26;9;2012;Mercredi;0
767;32;27/09/2012;27;9;2012;Jeudi;0
1011;32;28/09/2012;28;9;2012;Vendredi;0
813;32;29/09/2012;29;9;2012;Samedi;0
1404;33;01/10/2012;1;10;2012;Lundi;0
942;33;02/10/2012;2;10;2012;Mardi;0
715;33;03/10/2012;3;10;2012;Mercredi;0
575;33;04/10/2012;4;10;2012;Jeudi;0
528;33;05/10/2012;5;10;2012;Vendredi;0
322;33;06/10/2012;6;10;2012;Samedi;0
544;33;08/10/2012;8;10;2012;Lundi;0
396;33;09/10/2012;9;10;2012;Mardi;0
388;33;10/10/2012;10;10;2012;Mercredi;0
277;33;11/10/2012;11;10;2012;Jeudi;0
277;33;12/10/2012;12;10;2012;Vendredi;0
178;33;13/10/2012;13;10;2012;Samedi;0
388;33;15/10/2012;15;10;2012;Lundi;0
304;33;16/10/2012;16;10;2012;Mardi;0
292;33;17/10/2012;17;10;2012;Mercredi;0
296;33;18/10/2012;18;10;2012;Jeudi;0
205;33;19/10/2012;19;10;2012;Vendredi;0
170;33;20/10/2012;20;10;2012;Samedi;0
363;33;22/10/2012;22;10;2012;Lundi;0
375;33;23/10/2012;23;10;2012;Mardi;0
405;33;24/10/2012;24;10;2012;Mercredi;0
378;33;25/10/2012;25;10;2012;Jeudi;0
393;33;26/10/2012;26;10;2012;Vendredi;0
235;33;27/10/2012;27;10;2012;Samedi;1
545;33;29/10/2012;29;10;2012;Lundi;1
705;33;30/10/2012;30;10;2012;Mardi;1
846;33;31/10/2012;31;10;2012;Mercredi;1
693;34;02/11/2012;2;11;2012;Vendredi;1
278;34;03/11/2012;3;11;2012;Samedi;1
852;34;05/11/2012;5;11;2012;Lundi;1
596;34;06/11/2012;6;11;2012;Mardi;1
466;34;07/11/2012;7;11;2012;Mercredi;1
409;34;08/11/2012;8;11;2012;Jeudi;0
362;34;09/11/2012;9;11;2012;Vendredi;0
201;34;10/11/2012;10;11;2012;Samedi;0
453;34;12/11/2012;12;11;2012;Lundi;0
326;34;13/11/2012;13;11;2012;Mardi;0
355;34;14/11/2012;14;11;2012;Mercredi;0
289;34;15/11/2012;15;11;2012;Jeudi;0
208;34;16/11/2012;16;11;2012;Vendredi;0
173;34;17/11/2012;17;11;2012;Samedi;0
278;34;19/11/2012;19;11;2012;Lundi;0
366;34;20/11/2012;20;11;2012;Mardi;0
329;34;21/11/2012;21;11;2012;Mercredi;0
307;34;22/11/2012;22;11;2012;Jeudi;0
273;34;23/11/2012;23;11;2012;Vendredi;0
228;34;24/11/2012;24;11;2012;Samedi;0
338;34;26/11/2012;26;11;2012;Lundi;0
401;34;27/11/2012;27;11;2012;Mardi;0
613;34;28/11/2012;28;11;2012;Mercredi;0
667;34;29/11/2012;29;11;2012;Jeudi;0
1017;34;30/11/2012;30;11;2012;Vendredi;0
645;35;01/12/2012;1;12;2012;Samedi;0
1018;35;03/12/2012;3;12;2012;Lundi;0
733;35;04/12/2012;4;12;2012;Mardi;0
562;35;05/12/2012;5;12;2012;Mercredi;0
398;35;06/12/2012;6;12;2012;Jeudi;0
370;35;07/12/2012;7;12;2012;Vendredi;0
181;35;08/12/2012;8;12;2012;Samedi;0
334;35;10/12/2012;10;12;2012;Lundi;0
296;35;11/12/2012;11;12;2012;Mardi;0
277;35;12/12/2012;12;12;2012;Mercredi;0
187;35;13/12/2012;13;12;2012;Jeudi;0
201;35;14/12/2012;14;12;2012;Vendredi;0
169;35;15/12/2012;15;12;2012;Samedi;0
275;35;17/12/2012;17;12;2012;Lundi;0
231;35;18/12/2012;18;12;2012;Mardi;0
219;35;19/12/2012;19;12;2012;Mercredi;0
340;35;20/12/2012;20;12;2012;Jeudi;0
352;35;21/12/2012;21;12;2012;Vendredi;0
136;35;22/12/2012;22;12;2012;Samedi;1
120;35;24/12/2012;24;12;2012;Lundi;1
337;35;26/12/2012;26;12;2012;Mercredi;1
361;35;27/12/2012;27;12;2012;Jeudi;1
468;35;28/12/2012;28;12;2012;Vendredi;1
298;35;29/12/2012;29;12;2012;Samedi;1
473;35;31/12/2012;31;12;2012;Lundi;1
829;36;02/01/2013;2;1;2013;Mercredi;1
634;36;03/01/2013;3;1;2013;Jeudi;1
555;36;04/01/2013;4;1;2013;Vendredi;1
327;36;05/01/2013;5;1;2013;Samedi;1
798;36;07/01/2013;7;1;2013;Lundi;0
597;36;08/01/2013;8;1;2013;Mardi;0
461;36;09/01/2013;9;1;2013;Mercredi;0
351;36;10/01/2013;10;1;2013;Jeudi;0
322;36;11/01/2013;11;1;2013;Vendredi;0
204;36;12/01/2013;12;1;2013;Samedi;0
338;36;14/01/2013;14;1;2013;Lundi;0
316;36;15/01/2013;15;1;2013;Mardi;0
311;36;16/01/2013;16;1;2013;Mercredi;0
216;36;17/01/2013;17;1;2013;Jeudi;0
192;36;18/01/2013;18;1;2013;Vendredi;0
151;36;19/01/2013;19;1;2013;Samedi;0
365;36;21/01/2013;21;1;2013;Lundi;0
319;36;22/01/2013;22;1;2013;Mardi;0
347;36;23/01/2013;23;1;2013;Mercredi;0
276;36;24/01/2013;24;1;2013;Jeudi;0
315;36;25/01/2013;25;1;2013;Vendredi;0
231;36;26/01/2013;26;1;2013;Samedi;0
462;36;28/01/2013;28;1;2013;Lundi;0
446;36;29/01/2013;29;1;2013;Mardi;0
719;36;30/01/2013;30;1;2013;Mercredi;0
1033;36;31/01/2013;31;1;2013;Jeudi;0
711;37;01/02/2013;1;2;2013;Vendredi;0
392;37;02/02/2013;2;2;2013;Samedi;0
629;37;04/02/2013;4;2;2013;Lundi;0
438;37;05/02/2013;5;2;2013;Mardi;0
424;37;06/02/2013;6;2;2013;Mercredi;0
324;37;07/02/2013;7;2;2013;Jeudi;0
303;37;08/02/2013;8;2;2013;Vendredi;0
151;37;09/02/2013;9;2;2013;Samedi;0
332;37;11/02/2013;11;2;2013;Lundi;0
220;37;12/02/2013;12;2;2013;Mardi;0
242;37;13/02/2013;13;2;2013;Mercredi;0
161;37;14/02/2013;14;2;2013;Jeudi;0
169;37;15/02/2013;15;2;2013;Vendredi;0
100;37;16/02/2013;16;2;2013;Samedi;1
280;37;18/02/2013;18;2;2013;Lundi;1
227;37;19/02/2013;19;2;2013;Mardi;1
302;37;20/02/2013;20;2;2013;Mercredi;1
288;37;21/02/2013;21;2;2013;Jeudi;1
237;37;22/02/2013;22;2;2013;Vendredi;1
113;37;23/02/2013;23;2;2013;Samedi;1
384;37;25/02/2013;25;2;2013;Lundi;1
472;37;26/02/2013;26;2;2013;Mardi;1
631;37;27/02/2013;27;2;2013;Mercredi;1
901;37;28/02/2013;28;2;2013;Jeudi;1
850;38;01/03/2013;1;3;2013;Vendredi;1
389;38;02/03/2013;2;3;2013;Samedi;1
889;38;04/03/2013;4;3;2013;Lundi;0
598;38;05/03/2013;5;3;2013;Mardi;0
492;38;06/03/2013;6;3;2013;Mercredi;0
434;38;07/03/2013;7;3;2013;Jeudi;0
274;38;08/03/2013;8;3;2013;Vendredi;0
173;38;09/03/2013;9;3;2013;Samedi;0
357;38;11/03/2013;11;3;2013;Lundi;0
197;38;12/03/2013;12;3;2013;Mardi;0
271;38;13/03/2013;13;3;2013;Mercredi;0
173;38;14/03/2013;14;3;2013;Jeudi;0
223;38;15/03/2013;15;3;2013;Vendredi;0
119;38;16/03/2013;16;3;2013;Samedi;0
217;38;18/03/2013;18;3;2013;Lundi;0
246;38;19/03/2013;19;3;2013;Mardi;0
309;38;20/03/2013;20;3;2013;Mercredi;0
263;38;21/03/2013;21;3;2013;Jeudi;0
235;38;22/03/2013;22;3;2013;Vendredi;0
179;38;23/03/2013;23;3;2013;Samedi;0
364;38;25/03/2013;25;3;2013;Lundi;0
363;38;26/03/2013;26;3;2013;Mardi;0
461;38;27/03/2013;27;3;2013;Mercredi;0
498;38;28/03/2013;28;3;2013;Jeudi;0
575;38;29/03/2013;29;3;2013;Vendredi;0
475;38;30/03/2013;30;3;2013;Samedi;0
1141;39;02/04/2013;2;4;2013;Mardi;0
690;39;03/04/2013;3;4;2013;Mercredi;0
427;39;04/04/2013;4;4;2013;Jeudi;0
379;39;05/04/2013;5;4;2013;Vendredi;0
218;39;06/04/2013;6;4;2013;Samedi;0
463;39;08/04/2013;8;4;2013;Lundi;0
247;39;09/04/2013;9;4;2013;Mardi;0
269;39;10/04/2013;10;4;2013;Mercredi;0
174;39;11/04/2013;11;4;2013;Jeudi;0
210;39;12/04/2013;12;4;2013;Vendredi;0
106;39;13/04/2013;13;4;2013;Samedi;1
211;39;15/04/2013;15;4;2013;Lundi;1
227;39;16/04/2013;16;4;2013;Mardi;1
193;39;17/04/2013;17;4;2013;Mercredi;1
148;39;18/04/2013;18;4;2013;Jeudi;1
157;39;19/04/2013;19;4;2013;Vendredi;1
119;39;20/04/2013;20;4;2013;Samedi;1
252;39;22/04/2013;22;4;2013;Lundi;1
275;39;23/04/2013;23;4;2013;Mardi;1
255;39;24/04/2013;24;4;2013;Mercredi;1
286;39;25/04/2013;25;4;2013;Jeudi;1
323;39;26/04/2013;26;4;2013;Vendredi;1
203;39;27/04/2013;27;4;2013;Samedi;1
764;39;29/04/2013;29;4;2013;Lundi;0
911;39;30/04/2013;30;4;2013;Mardi;0
966;40;02/05/2013;2;5;2013;Jeudi;0
632;40;03/05/2013;3;5;2013;Vendredi;0
262;40;04/05/2013;4;5;2013;Samedi;0
493;40;06/05/2013;6;5;2013;Lundi;0
429;40;07/05/2013;7;5;2013;Mardi;0
207;40;10/05/2013;10;5;2013;Vendredi;0
100;40;11/05/2013;11;5;2013;Samedi;0
381;40;13/05/2013;13;5;2013;Lundi;0
310;40;14/05/2013;14;5;2013;Mardi;0
281;40;15/05/2013;15;5;2013;Mercredi;0
234;40;16/05/2013;16;5;2013;Jeudi;0
222;40;17/05/2013;17;5;2013;Vendredi;0
114;40;18/05/2013;18;5;2013;Samedi;0
394;40;21/05/2013;21;5;2013;Mardi;0
337;40;22/05/2013;22;5;2013;Mercredi;0
336;40;23/05/2013;23;5;2013;Jeudi;0
265;40;24/05/2013;24;5;2013;Vendredi;0
146;40;25/05/2013;25;5;2013;Samedi;0
411;40;27/05/2013;27;5;2013;Lundi;0
390;40;28/05/2013;28;5;2013;Mardi;0
510;40;29/05/2013;29;5;2013;Mercredi;0
614;40;30/05/2013;30;5;2013;Jeudi;0
974;40;31/05/2013;31;5;2013;Vendredi;0
495;41;01/06/2013;1;6;2013;Samedi;0
861;41;03/06/2013;3;6;2013;Lundi;0
577;41;04/06/2013;4;6;2013;Mardi;0
425;41;05/06/2013;5;6;2013;Mercredi;0
369;41;06/06/2013;6;6;2013;Jeudi;0
281;41;07/06/2013;7;6;2013;Vendredi;0
417;41;10/06/2013;10;6;2013;Lundi;0
367;41;11/06/2013;11;6;2013;Mardi;0
310;41;12/06/2013;12;6;2013;Mercredi;0
213;41;13/06/2013;13;6;2013;Jeudi;0
259;41;14/06/2013;14;6;2013;Vendredi;0
144;41;15/06/2013;15;6;2013;Samedi;0
317;41;17/06/2013;17;6;2013;Lundi;0
226;41;18/06/2013;18;6;2013;Mardi;0
238;41;19/06/2013;19;6;2013;Mercredi;0
332;41;20/06/2013;20;6;2013;Jeudi;0
360;41;21/06/2013;21;6;2013;Vendredi;0
174;41;22/06/2013;22;6;2013;Samedi;0
394;41;24/06/2013;24;6;2013;Lundi;0
383;41;25/06/2013;25;6;2013;Mardi;0
488;41;26/06/2013;26;6;2013;Mercredi;0
289;41;27/06/2013;27;6;2013;Jeudi;0
690;41;28/06/2013;28;6;2013;Vendredi;0
544;41;29/06/2013;29;6;2013;Samedi;0
1077;42;01/07/2013;1;7;2013;Lundi;0
850;42;02/07/2013;2;7;2013;Mardi;0
518;42;03/07/2013;3;7;2013;Mercredi;0
493;42;04/07/2013;4;7;2013;Jeudi;0
454;42;05/07/2013;5;7;2013;Vendredi;0
244;42;06/07/2013;6;7;2013;Samedi;1
452;42;08/07/2013;8;7;2013;Lundi;1
452;42;09/07/2013;9;7;2013;Mardi;1
443;42;10/07/2013;10;7;2013;Mercredi;1
283;42;11/07/2013;11;7;2013;Jeudi;1
279;42;12/07/2013;12;7;2013;Vendredi;1
134;42;13/07/2013;13;7;2013;Samedi;1
251;42;15/07/2013;15;7;2013;Lundi;1
322;42;16/07/2013;16;7;2013;Mardi;1
305;42;17/07/2013;17;7;2013;Mercredi;1
266;42;18/07/2013;18;7;2013;Jeudi;1
191;42;19/07/2013;19;7;2013;Vendredi;1
125;42;20/07/2013;20;7;2013;Samedi;1
257;42;22/07/2013;22;7;2013;Lundi;1
297;42;23/07/2013;23;7;2013;Mardi;1
314;42;24/07/2013;24;7;2013;Mercredi;1
325;42;25/07/2013;25;7;2013;Jeudi;1
246;42;26/07/2013;26;7;2013;Vendredi;1
153;42;27/07/2013;27;7;2013;Samedi;1
528;42;29/07/2013;29;7;2013;Lundi;1
589;42;30/07/2013;30;7;2013;Mardi;1
821;42;31/07/2013;31;7;2013;Mercredi;1
562;43;01/08/2013;1;8;2013;Jeudi;1
477;43;02/08/2013;2;8;2013;Vendredi;1
176;43;03/08/2013;3;8;2013;Samedi;1
471;43;05/08/2013;5;8;2013;Lundi;1
443;43;06/08/2013;6;8;2013;Mardi;1
416;43;07/08/2013;7;8;2013;Mercredi;1
315;43;08/08/2013;8;8;2013;Jeudi;1
243;43;09/08/2013;9;8;2013;Vendredi;1
178;43;10/08/2013;10;8;2013;Samedi;1
346;43;12/08/2013;12;8;2013;Lundi;1
372;43;13/08/2013;13;8;2013;Mardi;1
355;43;14/08/2013;14;8;2013;Mercredi;1
240;43;16/08/2013;16;8;2013;Vendredi;1
159;43;17/08/2013;17;8;2013;Samedi;1
461;43;19/08/2013;19;8;2013;Lundi;1
477;43;20/08/2013;20;8;2013;Mardi;1
439;43;21/08/2013;21;8;2013;Mercredi;1
528;43;22/08/2013;22;8;2013;Jeudi;1
598;43;23/08/2013;23;8;2013;Vendredi;1
347;43;24/08/2013;24;8;2013;Samedi;1
681;43;26/08/2013;26;8;2013;Lundi;1
720;43;27/08/2013;27;8;2013;Mardi;1
774;43;28/08/2013;28;8;2013;Mercredi;1
873;43;29/08/2013;29;8;2013;Jeudi;1
1038;43;30/08/2013;30;8;2013;Vendredi;1
949;43;31/08/2013;31;8;2013;Samedi;1
1580;44;02/09/2013;2;9;2013;Lundi;0
1441;44;03/09/2013;3;9;2013;Mardi;0
1242;44;04/09/2013;4;9;2013;Mercredi;0
1026;44;05/09/2013;5;9;2013;Jeudi;0
942;44;06/09/2013;6;9;2013;Vendredi;0
668;44;07/09/2013;7;9;2013;Samedi;0
1118;44;09/09/2013;9;9;2013;Lundi;0
988;44;10/09/2013;10;9;2013;Mardi;0
975;44;11/09/2013;11;9;2013;Mercredi;0
822;44;12/09/2013;12;9;2013;Jeudi;0
742;44;13/09/2013;13;9;2013;Vendredi;0
408;44;14/09/2013;14;9;2013;Samedi;0
706;44;16/09/2013;16;9;2013;Lundi;0
721;44;17/09/2013;17;9;2013;Mardi;0
789;44;18/09/2013;18;9;2013;Mercredi;0
758;44;19/09/2013;19;9;2013;Jeudi;0
722;44;20/09/2013;20;9;2013;Vendredi;0
439;44;21/09/2013;21;9;2013;Samedi;0
728;44;23/09/2013;23;9;2013;Lundi;0
736;44;24/09/2013;24;9;2013;Mardi;0
847;44;25/09/2013;25;9;2013;Mercredi;0
813;44;26/09/2013;26;9;2013;Jeudi;0
898;44;27/09/2013;27;9;2013;Vendredi;0
541;44;28/09/2013;28;9;2013;Samedi;0
1419;44;30/09/2013;30;9;2013;Lundi;0
1291;45;01/10/2013;1;10;2013;Mardi;0
1109;45;02/10/2013;2;10;2013;Mercredi;0
786;45;03/10/2013;3;10;2013;Jeudi;0
695;45;04/10/2013;4;10;2013;Vendredi;0
459;45;05/10/2013;5;10;2013;Samedi;0
743;45;07/10/2013;7;10;2013;Lundi;0
720;45;08/10/2013;8;10;2013;Mardi;0
647;45;09/10/2013;9;10;2013;Mercredi;0
507;45;10/10/2013;10;10;2013;Jeudi;0
471;45;11/10/2013;11;10;2013;Vendredi;0
283;45;12/10/2013;12;10;2013;Samedi;0
463;45;14/10/2013;14;10;2013;Lundi;0
391;45;15/10/2013;15;10;2013;Mardi;0
445;45;16/10/2013;16;10;2013;Mercredi;0
456;45;17/10/2013;17;10;2013;Jeudi;0
433;45;18/10/2013;18;10;2013;Vendredi;0
241;45;19/10/2013;19;10;2013;Samedi;1
505;45;21/10/2013;21;10;2013;Lundi;1
477;45;22/10/2013;22;10;2013;Mardi;1
477;45;23/10/2013;23;10;2013;Mercredi;1
483;45;24/10/2013;24;10;2013;Jeudi;1
411;45;25/10/2013;25;10;2013;Vendredi;1
306;45;26/10/2013;26;10;2013;Samedi;1
498;45;28/10/2013;28;10;2013;Lundi;1
660;45;29/10/2013;29;10;2013;Mardi;1
663;45;30/10/2013;30;10;2013;Mercredi;1
896;45;31/10/2013;31;10;2013;Jeudi;1
578;46;02/11/2013;2;11;2013;Samedi;1
913;46;04/11/2013;4;11;2013;Lundi;0
822;46;05/11/2013;5;11;2013;Mardi;0
722;46;06/11/2013;6;11;2013;Mercredi;0
661;46;07/11/2013;7;11;2013;Jeudi;0
517;46;08/11/2013;8;11;2013;Vendredi;0
230;46;09/11/2013;9;11;2013;Samedi;0
546;46;12/11/2013;12;11;2013;Mardi;0
550;46;13/11/2013;13;11;2013;Mercredi;0
427;46;14/11/2013;14;11;2013;Jeudi;0
416;46;15/11/2013;15;11;2013;Vendredi;0
253;46;16/11/2013;16;11;2013;Samedi;0
456;46;18/11/2013;18;11;2013;Lundi;0
397;46;19/11/2013;19;11;2013;Mardi;0
460;46;20/11/2013;20;11;2013;Mercredi;0
437;46;21/11/2013;21;11;2013;Jeudi;0
456;46;22/11/2013;22;11;2013;Vendredi;0
269;46;23/11/2013;23;11;2013;Samedi;0
640;46;25/11/2013;25;11;2013;Lundi;0
566;46;26/11/2013;26;11;2013;Mardi;0
587;46;27/11/2013;27;11;2013;Mercredi;0
655;46;28/11/2013;28;11;2013;Jeudi;0
894;46;29/11/2013;29;11;2013;Vendredi;0
729;46;30/11/2013;30;11;2013;Samedi;0
1249;47;02/12/2013;2;12;2013;Lundi;0
954;47;03/12/2013;3;12;2013;Mardi;0
678;47;04/12/2013;4;12;2013;Mercredi;0
557;47;05/12/2013;5;12;2013;Jeudi;0
592;47;06/12/2013;6;12;2013;Vendredi;0
371;47;07/12/2013;7;12;2013;Samedi;0
601;47;09/12/2013;9;12;2013;Lundi;0
465;47;10/12/2013;10;12;2013;Mardi;0
461;47;11/12/2013;11;12;2013;Mercredi;0
433;47;12/12/2013;12;12;2013;Jeudi;0
374;47;13/12/2013;13;12;2013;Vendredi;0
233;47;14/12/2013;14;12;2013;Samedi;0
438;47;16/12/2013;16;12;2013;Lundi;0
491;47;17/12/2013;17;12;2013;Mardi;0
458;47;18/12/2013;18;12;2013;Mercredi;0
358;47;19/12/2013;19;12;2013;Jeudi;0
667;47;20/12/2013;20;12;2013;Vendredi;0
303;47;21/12/2013;21;12;2013;Samedi;1
488;47;23/12/2013;23;12;2013;Lundi;1
169;47;24/12/2013;24;12;2013;Mardi;1
502;47;26/12/2013;26;12;2013;Jeudi;1
488;47;27/12/2013;27;12;2013;Vendredi;1
257;47;28/12/2013;28;12;2013;Samedi;1
815;47;30/12/2013;30;12;2013;Lundi;1
608;47;31/12/2013;31;12;2013;Mardi;1
949;48;02/01/2014;2;1;2014;Jeudi;1
857;48;03/01/2014;3;1;2014;Vendredi;1
477;48;04/01/2014;4;1;2014;Samedi;1
973;48;06/01/2014;6;1;2014;Lundi;0
743;48;07/01/2014;7;1;2014;Mardi;0
651;48;08/01/2014;8;1;2014;Mercredi;0
542;48;09/01/2014;9;1;2014;Jeudi;0
520;48;10/01/2014;10;1;2014;Vendredi;0
326;48;11/01/2014;11;1;2014;Samedi;0
511;48;13/01/2014;13;1;2014;Lundi;0
517;48;14/01/2014;14;1;2014;Mardi;0
480;48;15/01/2014;15;1;2014;Mercredi;0
441;48;16/01/2014;16;1;2014;Jeudi;0
494;48;17/01/2014;17;1;2014;Vendredi;0
293;48;18/01/2014;18;1;2014;Samedi;0
526;48;20/01/2014;20;1;2014;Lundi;0
483;48;21/01/2014;21;1;2014;Mardi;0
429;48;22/01/2014;22;1;2014;Mercredi;0
467;48;23/01/2014;23;1;2014;Jeudi;0
415;48;24/01/2014;24;1;2014;Vendredi;0
305;48;25/01/2014;25;1;2014;Samedi;0
523;48;27/01/2014;27;1;2014;Lundi;0
524;48;28/01/2014;28;1;2014;Mardi;0
636;48;29/01/2014;29;1;2014;Mercredi;0
739;48;30/01/2014;30;1;2014;Jeudi;0
964;48;31/01/2014;31;1;2014;Vendredi;0
547;49;01/02/2014;1;2;2014;Samedi;0
1035;49;03/02/2014;3;2;2014;Lundi;0
894;49;04/02/2014;4;2;2014;Mardi;0
701;49;05/02/2014;5;2;2014;Mercredi;0
560;49;06/02/2014;6;2;2014;Jeudi;0
513;49;07/02/2014;7;2;2014;Vendredi;0
298;49;08/02/2014;8;2;2014;Samedi;0
516;49;10/02/2014;10;2;2014;Lundi;0
438;49;11/02/2014;11;2;2014;Mardi;0
427;49;12/02/2014;12;2;2014;Mercredi;0
364;49;13/02/2014;13;2;2014;Jeudi;0
379;49;14/02/2014;14;2;2014;Vendredi;0
203;49;15/02/2014;15;2;2014;Samedi;0
417;49;17/02/2014;17;2;2014;Lundi;0
345;49;18/02/2014;18;2;2014;Mardi;0
372;49;19/02/2014;19;2;2014;Mercredi;0
367;49;20/02/2014;20;2;2014;Jeudi;0
433;49;21/02/2014;21;2;2014;Vendredi;0
201;49;22/02/2014;22;2;2014;Samedi;1
537;49;24/02/2014;24;2;2014;Lundi;1
503;49;25/02/2014;25;2;2014;Mardi;1
550;49;26/02/2014;26;2;2014;Mercredi;1
622;49;27/02/2014;27;2;2014;Jeudi;1
987;49;28/02/2014;28;2;2014;Vendredi;1
614;50;01/03/2014;1;3;2014;Samedi;1
917;50;03/03/2014;3;3;2014;Lundi;1
762;50;04/03/2014;4;3;2014;Mardi;1
622;50;05/03/2014;5;3;2014;Mercredi;1
581;50;06/03/2014;6;3;2014;Jeudi;1
507;50;07/03/2014;7;3;2014;Vendredi;1
242;50;08/03/2014;8;3;2014;Samedi;1
658;50;10/03/2014;10;3;2014;Lundi;0
490;50;11/03/2014;11;3;2014;Mardi;0
440;50;12/03/2014;12;3;2014;Mercredi;0
355;50;13/03/2014;13;3;2014;Jeudi;0
395;50;14/03/2014;14;3;2014;Vendredi;0
189;50;15/03/2014;15;3;2014;Samedi;0
345;50;17/03/2014;17;3;2014;Lundi;0
335;50;18/03/2014;18;3;2014;Mardi;0
355;50;19/03/2014;19;3;2014;Mercredi;0
394;50;20/03/2014;20;3;2014;Jeudi;0
384;50;21/03/2014;21;3;2014;Vendredi;0
226;50;22/03/2014;22;3;2014;Samedi;0
454;50;24/03/2014;24;3;2014;Lundi;0
489;50;25/03/2014;25;3;2014;Mardi;0
468;50;26/03/2014;26;3;2014;Mercredi;0
469;50;27/03/2014;27;3;2014;Jeudi;0
608;50;28/03/2014;28;3;2014;Vendredi;0
461;50;29/03/2014;29;3;2014;Samedi;0
1199;50;31/03/2014;31;3;2014;Lundi;0
1114;51;01/04/2014;1;4;2014;Mardi;0
740;51;02/04/2014;2;4;2014;Mercredi;0
616;51;03/04/2014;3;4;2014;Jeudi;0
569;51;04/04/2014;4;4;2014;Vendredi;0
329;51;05/04/2014;5;4;2014;Samedi;0
570;51;07/04/2014;7;4;2014;Lundi;0
468;51;08/04/2014;8;4;2014;Mardi;0
432;51;09/04/2014;9;4;2014;Mercredi;0
346;51;10/04/2014;10;4;2014;Jeudi;0
299;51;11/04/2014;11;4;2014;Vendredi;0
154;51;12/04/2014;12;4;2014;Samedi;0
319;51;14/04/2014;14;4;2014;Lundi;0
281;51;15/04/2014;15;4;2014;Mardi;0
321;51;16/04/2014;16;4;2014;Mercredi;0
260;51;17/04/2014;17;4;2014;Jeudi;0
276;51;18/04/2014;18;4;2014;Vendredi;0
140;51;19/04/2014;19;4;2014;Samedi;1
419;51;22/04/2014;22;4;2014;Mardi;1
383;51;23/04/2014;23;4;2014;Mercredi;1
389;51;24/04/2014;24;4;2014;Jeudi;1
344;51;25/04/2014;25;4;2014;Vendredi;1
202;51;26/04/2014;26;4;2014;Samedi;1
504;51;28/04/2014;28;4;2014;Lundi;1
577;51;29/04/2014;29;4;2014;Mardi;1
953;51;30/04/2014;30;4;2014;Mercredi;1
816;52;02/05/2014;2;5;2014;Vendredi;1
382;52;03/05/2014;3;5;2014;Samedi;1
810;52;05/05/2014;5;5;2014;Lundi;0
792;52;06/05/2014;6;5;2014;Mardi;0
487;52;07/05/2014;7;5;2014;Mercredi;0
430;52;09/05/2014;9;5;2014;Vendredi;0
154;52;10/05/2014;10;5;2014;Samedi;0
401;52;12/05/2014;12;5;2014;Lundi;0
371;52;13/05/2014;13;5;2014;Mardi;0
352;52;14/05/2014;14;5;2014;Mercredi;0
348;52;15/05/2014;15;5;2014;Jeudi;0
349;52;16/05/2014;16;5;2014;Vendredi;0
199;52;17/05/2014;17;5;2014;Samedi;0
320;52;19/05/2014;19;5;2014;Lundi;0
323;52;20/05/2014;20;5;2014;Mardi;0
339;52;21/05/2014;21;5;2014;Mercredi;0
408;52;22/05/2014;22;5;2014;Jeudi;0
374;52;23/05/2014;23;5;2014;Vendredi;0
257;52;24/05/2014;24;5;2014;Samedi;0
422;52;26/05/2014;26;5;2014;Lundi;0
576;52;27/05/2014;27;5;2014;Mardi;0
650;52;28/05/2014;28;5;2014;Mercredi;0
686;52;30/05/2014;30;5;2014;Vendredi;0
672;52;31/05/2014;31;5;2014;Samedi;0
1305;53;02/06/2014;2;6;2014;Lundi;0
987;53;03/06/2014;3;6;2014;Mardi;0
687;53;04/06/2014;4;6;2014;Mercredi;0
633;53;05/06/2014;5;6;2014;Jeudi;0
521;53;06/06/2014;6;6;2014;Vendredi;0
233;53;07/06/2014;7;6;2014;Samedi;0
520;53;10/06/2014;10;6;2014;Mardi;0
460;53;11/06/2014;11;6;2014;Mercredi;0
364;53;12/06/2014;12;6;2014;Jeudi;0
320;53;13/06/2014;13;6;2014;Vendredi;0
172;53;14/06/2014;14;6;2014;Samedi;0
319;53;16/06/2014;16;6;2014;Lundi;0
318;53;17/06/2014;17;6;2014;Mardi;0
343;53;18/06/2014;18;6;2014;Mercredi;0
315;53;19/06/2014;19;6;2014;Jeudi;0
412;53;20/06/2014;20;6;2014;Vendredi;0
108;53;21/06/2014;21;6;2014;Samedi;0
443;53;23/06/2014;23;6;2014;Lundi;0
446;53;24/06/2014;24;6;2014;Mardi;0
447;53;25/06/2014;25;6;2014;Mercredi;0
444;53;26/06/2014;26;6;2014;Jeudi;0
565;53;27/06/2014;27;6;2014;Vendredi;0
359;53;28/06/2014;28;6;2014;Samedi;0
699;53;30/06/2014;30;6;2014;Lundi;0
1100;54;01/07/2014;1;7;2014;Mardi;0
804;54;02/07/2014;2;7;2014;Mercredi;0
622;54;03/07/2014;3;7;2014;Jeudi;0
458;54;04/07/2014;4;7;2014;Vendredi;0
294;54;05/07/2014;5;7;2014;Samedi;1
548;54;07/07/2014;7;7;2014;Lundi;1
487;54;08/07/2014;8;7;2014;Mardi;1
445;54;09/07/2014;9;7;2014;Mercredi;1
379;54;10/07/2014;10;7;2014;Jeudi;1
375;54;11/07/2014;11;7;2014;Vendredi;1
161;54;12/07/2014;12;7;2014;Samedi;1
427;54;15/07/2014;15;7;2014;Mardi;1
342;54;16/07/2014;16;7;2014;Mercredi;1
288;54;17/07/2014;17;7;2014;Jeudi;1
247;54;18/07/2014;18;7;2014;Vendredi;1
158;54;19/07/2014;19;7;2014;Samedi;1
501;54;21/07/2014;21;7;2014;Lundi;1
421;54;22/07/2014;22;7;2014;Mardi;1
406;54;23/07/2014;23;7;2014;Mercredi;1
355;54;24/07/2014;24;7;2014;Jeudi;1
387;54;25/07/2014;25;7;2014;Vendredi;1
228;54;26/07/2014;26;7;2014;Samedi;1
478;54;28/07/2014;28;7;2014;Lundi;1
546;54;29/07/2014;29;7;2014;Mardi;1
690;54;30/07/2014;30;7;2014;Mercredi;1
864;54;31/07/2014;31;7;2014;Jeudi;1
795;55;01/08/2014;1;8;2014;Vendredi;1
319;55;02/08/2014;2;8;2014;Samedi;1
601;55;04/08/2014;4;8;2014;Lundi;1
516;55;05/08/2014;5;8;2014;Mardi;1
461;55;06/08/2014;6;8;2014;Mercredi;1
388;55;07/08/2014;7;8;2014;Jeudi;1
249;55;08/08/2014;8;8;2014;Vendredi;1
169;55;09/08/2014;9;8;2014;Samedi;1
371;55;11/08/2014;11;8;2014;Lundi;1
336;55;12/08/2014;12;8;2014;Mardi;1
357;55;13/08/2014;13;8;2014;Mercredi;1
340;55;14/08/2014;14;8;2014;Jeudi;1
227;55;16/08/2014;16;8;2014;Samedi;1
462;55;18/08/2014;18;8;2014;Lundi;1
470;55;19/08/2014;19;8;2014;Mardi;1
508;55;20/08/2014;20;8;2014;Mercredi;1
532;55;21/08/2014;21;8;2014;Jeudi;1
564;55;22/08/2014;22;8;2014;Vendredi;1
317;55;23/08/2014;23;8;2014;Samedi;1
672;55;25/08/2014;25;8;2014;Lundi;1
740;55;26/08/2014;26;8;2014;Mardi;1
736;55;27/08/2014;27;8;2014;Mercredi;1
808;55;28/08/2014;28;8;2014;Jeudi;1
1064;55;29/08/2014;29;8;2014;Vendredi;1
734;55;30/08/2014;30;8;2014;Samedi;1
1444;56;01/09/2014;1;9;2014;Lundi;1
1346;56;02/09/2014;2;9;2014;Mardi;0
1085;56;03/09/2014;3;9;2014;Mercredi;0
854;56;04/09/2014;4;9;2014;Jeudi;0
841;56;05/09/2014;5;9;2014;Vendredi;0
491;56;06/09/2014;6;9;2014;Samedi;0
934;56;08/09/2014;8;9;2014;Lundi;0
798;56;09/09/2014;9;9;2014;Mardi;0
732;56;10/09/2014;10;9;2014;Mercredi;0
702;56;11/09/2014;11;9;2014;Jeudi;0
624;56;12/09/2014;12;9;2014;Vendredi;0
420;56;13/09/2014;13;9;2014;Samedi;0
768;56;15/09/2014;15;9;2014;Lundi;0
646;56;16/09/2014;16;9;2014;Mardi;0
704;56;17/09/2014;17;9;2014;Mercredi;0
449;56;18/09/2014;18;9;2014;Jeudi;0
530;56;19/09/2014;19;9;2014;Vendredi;0
357;56;20/09/2014;20;9;2014;Samedi;0
658;56;22/09/2014;22;9;2014;Lundi;0
668;56;23/09/2014;23;9;2014;Mardi;0
669;56;24/09/2014;24;9;2014;Mercredi;0
562;56;25/09/2014;25;9;2014;Jeudi;0
637;56;26/09/2014;26;9;2014;Vendredi;0
522;56;27/09/2014;27;9;2014;Samedi;0
1004;56;29/09/2014;29;9;2014;Lundi;0
1354;56;30/09/2014;30;9;2014;Mardi;0
1439;57;01/10/2014;1;10;2014;Mercredi;0
1054;57;02/10/2014;2;10;2014;Jeudi;0
790;57;03/10/2014;3;10;2014;Vendredi;0
407;57;04/10/2014;4;10;2014;Samedi;0
686;57;06/10/2014;6;10;2014;Lundi;0
616;57;07/10/2014;7;10;2014;Mardi;0
578;57;08/10/2014;8;10;2014;Mercredi;0
525;57;09/10/2014;9;10;2014;Jeudi;0
489;57;10/10/2014;10;10;2014;Vendredi;0
265;57;11/10/2014;11;10;2014;Samedi;0
452;57;13/10/2014;13;10;2014;Lundi;0
447;57;14/10/2014;14;10;2014;Mardi;0
475;57;15/10/2014;15;10;2014;Mercredi;0
343;57;16/10/2014;16;10;2014;Jeudi;0
388;57;17/10/2014;17;10;2014;Vendredi;0
232;57;18/10/2014;18;10;2014;Samedi;1
432;57;20/10/2014;20;10;2014;Lundi;1
396;57;21/10/2014;21;10;2014;Mardi;1
435;57;22/10/2014;22;10;2014;Mercredi;1
416;57;23/10/2014;23;10;2014;Jeudi;1
374;57;24/10/2014;24;10;2014;Vendredi;1
198;57;25/10/2014;25;10;2014;Samedi;1
548;57;27/10/2014;27;10;2014;Lundi;1
512;57;28/10/2014;28;10;2014;Mardi;1
617;57;29/10/2014;29;10;2014;Mercredi;1
739;57;30/10/2014;30;10;2014;Jeudi;1
1013;57;31/10/2014;31;10;2014;Vendredi;1
1197;58;03/11/2014;3;11;2014;Lundi;0
887;58;04/11/2014;4;11;2014;Mardi;0
675;58;05/11/2014;5;11;2014;Mercredi;0
605;58;06/11/2014;6;11;2014;Jeudi;0
500;58;07/11/2014;7;11;2014;Vendredi;0
227;58;08/11/2014;8;11;2014;Samedi;0
326;58;10/11/2014;10;11;2014;Lundi;0
489;58;12/11/2014;12;11;2014;Mercredi;0
485;58;13/11/2014;13;11;2014;Jeudi;0
384;58;14/11/2014;14;11;2014;Vendredi;0
236;58;15/11/2014;15;11;2014;Samedi;0
419;58;17/11/2014;17;11;2014;Lundi;0
381;58;18/11/2014;18;11;2014;Mardi;0
370;58;19/11/2014;19;11;2014;Mercredi;0
401;58;20/11/2014;20;11;2014;Jeudi;0
417;58;21/11/2014;21;11;2014;Vendredi;0
216;58;22/11/2014;22;11;2014;Samedi;0
514;58;24/11/2014;24;11;2014;Lundi;0
445;58;25/11/2014;25;11;2014;Mardi;0
577;58;26/11/2014;26;11;2014;Mercredi;0
650;58;27/11/2014;27;11;2014;Jeudi;0
882;58;28/11/2014;28;11;2014;Vendredi;0
711;58;29/11/2014;29;11;2014;Samedi;0
1325;59;01/12/2014;1;12;2014;Lundi;0
1013;59;02/12/2014;2;12;2014;Mardi;0
774;59;03/12/2014;3;12;2014;Mercredi;0
599;59;04/12/2014;4;12;2014;Jeudi;0
531;59;05/12/2014;5;12;2014;Vendredi;0
325;59;06/12/2014;6;12;2014;Samedi;0
500;59;08/12/2014;8;12;2014;Lundi;0
462;59;09/12/2014;9;12;2014;Mardi;0
385;59;10/12/2014;10;12;2014;Mercredi;0
361;59;11/12/2014;11;12;2014;Jeudi;0
315;59;12/12/2014;12;12;2014;Vendredi;0
200;59;13/12/2014;13;12;2014;Samedi;0
370;59;15/12/2014;15;12;2014;Lundi;0
380;59;16/12/2014;16;12;2014;Mardi;0
344;59;17/12/2014;17;12;2014;Mercredi;0
371;59;18/12/2014;18;12;2014;Jeudi;0
320;59;19/12/2014;19;12;2014;Vendredi;0
202;59;20/12/2014;20;12;2014;Samedi;1
479;59;22/12/2014;22;12;2014;Lundi;1
396;59;23/12/2014;23;12;2014;Mardi;1
203;59;24/12/2014;24;12;2014;Mercredi;1
347;59;26/12/2014;26;12;2014;Vendredi;1
206;59;27/12/2014;27;12;2014;Samedi;1
654;59;29/12/2014;29;12;2014;Lundi;1
772;59;30/12/2014;30;12;2014;Mardi;1
629;59;31/12/2014;31;12;2014;Mercredi;1
783;60;02/01/2015;2;1;2015;Vendredi;1
455;60;03/01/2015;3;1;2015;Samedi;1
1081;60;05/01/2015;5;1;2015;Lundi;0
911;60;06/01/2015;6;1;2015;Mardi;0
627;60;07/01/2015;7;1;2015;Mercredi;0
495;60;08/01/2015;8;1;2015;Jeudi;0
458;60;09/01/2015;9;1;2015;Vendredi;0
280;60;10/01/2015;10;1;2015;Samedi;0
530;60;12/01/2015;12;1;2015;Lundi;0
413;60;13/01/2015;13;1;2015;Mardi;0
381;60;14/01/2015;14;1;2015;Mercredi;0
327;60;15/01/2015;15;1;2015;Jeudi;0
355;60;16/01/2015;16;1;2015;Vendredi;0
229;60;17/01/2015;17;1;2015;Samedi;0
420;60;19/01/2015;19;1;2015;Lundi;0
438;60;20/01/2015;20;1;2015;Mardi;0
450;60;21/01/2015;21;1;2015;Mercredi;0
440;60;22/01/2015;22;1;2015;Jeudi;0
344;60;23/01/2015;23;1;2015;Vendredi;0
261;60;24/01/2015;24;1;2015;Samedi;0
492;60;26/01/2015;26;1;2015;Lundi;0
496;60;27/01/2015;27;1;2015;Mardi;0
535;60;28/01/2015;28;1;2015;Mercredi;0
481;60;29/01/2015;29;1;2015;Jeudi;0
811;60;30/01/2015;30;1;2015;Vendredi;0
684;60;31/01/2015;31;1;2015;Samedi;0
1164;61;02/02/2015;2;2;2015;Lundi;0
831;61;03/02/2015;3;2;2015;Mardi;0
597;61;04/02/2015;4;2;2015;Mercredi;0
445;61;05/02/2015;5;2;2015;Jeudi;0
429;61;06/02/2015;6;2;2015;Vendredi;0
232;61;07/02/2015;7;2;2015;Samedi;0
422;61;09/02/2015;9;2;2015;Lundi;0
427;61;10/02/2015;10;2;2015;Mardi;0
379;61;11/02/2015;11;2;2015;Mercredi;0
320;61;12/02/2015;12;2;2015;Jeudi;0
280;61;13/02/2015;13;2;2015;Vendredi;0
175;61;14/02/2015;14;2;2015;Samedi;0
330;61;16/02/2015;16;2;2015;Lundi;0
290;61;17/02/2015;17;2;2015;Mardi;0
328;61;18/02/2015;18;2;2015;Mercredi;0
262;61;19/02/2015;19;2;2015;Jeudi;0
351;61;20/02/2015;20;2;2015;Vendredi;0
204;61;21/02/2015;21;2;2015;Samedi;1
417;61;23/02/2015;23;2;2015;Lundi;1
478;61;24/02/2015;24;2;2015;Mardi;1
429;61;25/02/2015;25;2;2015;Mercredi;1
529;61;26/02/2015;26;2;2015;Jeudi;1
794;61;27/02/2015;27;2;2015;Vendredi;1
567;61;28/02/2015;28;2;2015;Samedi;1
1068;62;02/03/2015;2;3;2015;Lundi;1
793;62;03/03/2015;3;3;2015;Mardi;1
599;62;04/03/2015;4;3;2015;Mercredi;1
505;62;05/03/2015;5;3;2015;Jeudi;1
489;62;06/03/2015;6;3;2015;Vendredi;1
322;62;07/03/2015;7;3;2015;Samedi;1
709;62;09/03/2015;9;3;2015;Lundi;0
429;62;10/03/2015;10;3;2015;Mardi;0
423;62;11/03/2015;11;3;2015;Mercredi;0
376;62;12/03/2015;12;3;2015;Jeudi;0
279;62;13/03/2015;13;3;2015;Vendredi;0
214;62;14/03/2015;14;3;2015;Samedi;0
365;62;16/03/2015;16;3;2015;Lundi;0
318;62;17/03/2015;17;3;2015;Mardi;0
336;62;18/03/2015;18;3;2015;Mercredi;0
250;62;19/03/2015;19;3;2015;Jeudi;0
313;62;20/03/2015;20;3;2015;Vendredi;0
173;62;21/03/2015;21;3;2015;Samedi;0
449;62;23/03/2015;23;3;2015;Lundi;0
338;62;24/03/2015;24;3;2015;Mardi;0
431;62;25/03/2015;25;3;2015;Mercredi;0
348;62;26/03/2015;26;3;2015;Jeudi;0
502;62;27/03/2015;27;3;2015;Vendredi;0
349;62;28/03/2015;28;3;2015;Samedi;0
856;62;30/03/2015;30;3;2015;Lundi;0
1109;62;31/03/2015;31;3;2015;Mardi;0
1092;63;01/04/2015;1;4;2015;Mercredi;0
700;63;02/04/2015;2;4;2015;Jeudi;0
541;63;03/04/2015;3;4;2015;Vendredi;0
232;63;04/04/2015;4;4;2015;Samedi;0
524;63;07/04/2015;7;4;2015;Mardi;0
549;63;08/04/2015;8;4;2015;Mercredi;0
402;63;09/04/2015;9;4;2015;Jeudi;0
383;63;10/04/2015;10;4;2015;Vendredi;0
159;63;11/04/2015;11;4;2015;Samedi;0
361;63;13/04/2015;13;4;2015;Lundi;0
349;63;14/04/2015;14;4;2015;Mardi;0
371;63;15/04/2015;15;4;2015;Mercredi;0
329;63;16/04/2015;16;4;2015;Jeudi;0
288;63;17/04/2015;17;4;2015;Vendredi;0
179;63;18/04/2015;18;4;2015;Samedi;0
434;63;20/04/2015;20;4;2015;Lundi;0
403;63;21/04/2015;21;4;2015;Mardi;0
396;63;22/04/2015;22;4;2015;Mercredi;0
385;63;23/04/2015;23;4;2015;Jeudi;0
347;63;24/04/2015;24;4;2015;Vendredi;0
210;63;25/04/2015;25;4;2015;Samedi;1
477;63;27/04/2015;27;4;2015;Lundi;1
523;63;28/04/2015;28;4;2015;Mardi;1
626;63;29/04/2015;29;4;2015;Mercredi;1
815;63;30/04/2015;30;4;2015;Jeudi;1
383;64;02/05/2015;2;5;2015;Samedi;1
797;64;04/05/2015;4;5;2015;Lundi;1
699;64;05/05/2015;5;5;2015;Mardi;1
530;64;06/05/2015;6;5;2015;Mercredi;1
503;64;07/05/2015;7;5;2015;Jeudi;1
258;64;09/05/2015;9;5;2015;Samedi;1
548;64;11/05/2015;11;5;2015;Lundi;0
436;64;12/05/2015;12;5;2015;Mardi;0
396;64;13/05/2015;13;5;2015;Mercredi;0
318;64;15/05/2015;15;5;2015;Vendredi;0
148;64;16/05/2015;16;5;2015;Samedi;0
379;64;18/05/2015;18;5;2015;Lundi;0
337;64;19/05/2015;19;5;2015;Mardi;0
428;64;20/05/2015;20;5;2015;Mercredi;0
401;64;21/05/2015;21;5;2015;Jeudi;0
364;64;22/05/2015;22;5;2015;Vendredi;0
209;64;23/05/2015;23;5;2015;Samedi;0
595;64;26/05/2015;26;5;2015;Mardi;0
581;64;27/05/2015;27;5;2015;Mercredi;0
575;64;28/05/2015;28;5;2015;Jeudi;0
768;64;29/05/2015;29;5;2015;Vendredi;0
607;64;30/05/2015;30;5;2015;Samedi;0
1281;65;01/06/2015;1;6;2015;Lundi;0
879;65;02/06/2015;2;6;2015;Mardi;0
671;65;03/06/2015;3;6;2015;Mercredi;0
414;65;04/06/2015;4;6;2015;Jeudi;0
425;65;05/06/2015;5;6;2015;Vendredi;0
286;65;06/06/2015;6;6;2015;Samedi;0
470;65;08/06/2015;8;6;2015;Lundi;0
417;65;09/06/2015;9;6;2015;Mardi;0
309;65;10/06/2015;10;6;2015;Mercredi;0
314;65;11/06/2015;11;6;2015;Jeudi;0
283;65;12/06/2015;12;6;2015;Vendredi;0
184;65;13/06/2015;13;6;2015;Samedi;0
381;65;15/06/2015;15;6;2015;Lundi;0
356;65;16/06/2015;16;6;2015;Mardi;0
363;65;17/06/2015;17;6;2015;Mercredi;0
279;65;18/06/2015;18;6;2015;Jeudi;0
298;65;19/06/2015;19;6;2015;Vendredi;0
207;65;20/06/2015;20;6;2015;Samedi;0
412;65;22/06/2015;22;6;2015;Lundi;0
447;65;23/06/2015;23;6;2015;Mardi;0
444;65;24/06/2015;24;6;2015;Mercredi;0
374;65;25/06/2015;25;6;2015;Jeudi;0
453;65;26/06/2015;26;6;2015;Vendredi;0
312;65;27/06/2015;27;6;2015;Samedi;0
800;65;29/06/2015;29;6;2015;Lundi;0
1064;65;30/06/2015;30;6;2015;Mardi;0
953;66;01/07/2015;1;7;2015;Mercredi;0
760;66;02/07/2015;2;7;2015;Jeudi;0
533;66;03/07/2015;3;7;2015;Vendredi;0
254;66;04/07/2015;4;7;2015;Samedi;1
505;66;06/07/2015;6;7;2015;Lundi;1
555;66;07/07/2015;7;7;2015;Mardi;1
423;66;08/07/2015;8;7;2015;Mercredi;1
406;66;09/07/2015;9;7;2015;Jeudi;1
343;66;10/07/2015;10;7;2015;Vendredi;1
155;66;11/07/2015;11;7;2015;Samedi;1
376;66;13/07/2015;13;7;2015;Lundi;1
314;66;15/07/2015;15;7;2015;Mercredi;1
276;66;16/07/2015;16;7;2015;Jeudi;1
294;66;17/07/2015;17;7;2015;Vendredi;1
188;66;18/07/2015;18;7;2015;Samedi;1
405;66;20/07/2015;20;7;2015;Lundi;1
365;66;21/07/2015;21;7;2015;Mardi;1
343;66;22/07/2015;22;7;2015;Mercredi;1
295;66;23/07/2015;23;7;2015;Jeudi;1
302;66;24/07/2015;24;7;2015;Vendredi;1
186;66;25/07/2015;25;7;2015;Samedi;1
417;66;27/07/2015;27;7;2015;Lundi;1
399;66;28/07/2015;28;7;2015;Mardi;1
507;66;29/07/2015;29;7;2015;Mercredi;1
569;66;30/07/2015;30;7;2015;Jeudi;1
744;66;31/07/2015;31;7;2015;Vendredi;1
423;67;01/08/2015;1;8;2015;Samedi;1
677;67;03/08/2015;3;8;2015;Lundi;1
561;67;04/08/2015;4;8;2015;Mardi;1
453;67;05/08/2015;5;8;2015;Mercredi;1
387;67;06/08/2015;6;8;2015;Jeudi;1
323;67;07/08/2015;7;8;2015;Vendredi;1
124;67;08/08/2015;8;8;2015;Samedi;1
369;67;10/08/2015;10;8;2015;Lundi;1
361;67;11/08/2015;11;8;2015;Mardi;1
293;67;12/08/2015;12;8;2015;Mercredi;1
273;67;13/08/2015;13;8;2015;Jeudi;1
275;67;14/08/2015;14;8;2015;Vendredi;1
372;67;17/08/2015;17;8;2015;Lundi;1
399;67;18/08/2015;18;8;2015;Mardi;1
376;67;19/08/2015;19;8;2015;Mercredi;1
505;67;20/08/2015;20;8;2015;Jeudi;1
462;67;21/08/2015;21;8;2015;Vendredi;1
248;67;22/08/2015;22;8;2015;Samedi;1
537;67;24/08/2015;24;8;2015;Lundi;1
605;67;25/08/2015;25;8;2015;Mardi;1
659;67;26/08/2015;26;8;2015;Mercredi;1
683;67;27/08/2015;27;8;2015;Jeudi;1
889;67;28/08/2015;28;8;2015;Vendredi;1
605;67;29/08/2015;29;8;2015;Samedi;1
1467;67;31/08/2015;31;8;2015;Lundi;1
1401;68;01/09/2015;1;9;2015;Mardi;0
1182;68;02/09/2015;2;9;2015;Mercredi;0
966;68;03/09/2015;3;9;2015;Jeudi;0
814;68;04/09/2015;4;9;2015;Vendredi;0
546;68;05/09/2015;5;9;2015;Samedi;0
1067;68;07/09/2015;7;9;2015;Lundi;0
854;68;08/09/2015;8;9;2015;Mardi;0
834;68;09/09/2015;9;9;2015;Mercredi;0
706;68;10/09/2015;10;9;2015;Jeudi;0
634;68;11/09/2015;11;9;2015;Vendredi;0
392;68;12/09/2015;12;9;2015;Samedi;0
750;68;14/09/2015;14;9;2015;Lundi;0
601;68;15/09/2015;15;9;2015;Mardi;0
436;68;16/09/2015;16;9;2015;Mercredi;0
566;68;17/09/2015;17;9;2015;Jeudi;0
551;68;18/09/2015;18;9;2015;Vendredi;0
356;68;19/09/2015;19;9;2015;Samedi;0
664;68;21/09/2015;21;9;2015;Lundi;0
579;68;22/09/2015;22;9;2015;Mardi;0
667;68;23/09/2015;23;9;2015;Mercredi;0
495;68;24/09/2015;24;9;2015;Jeudi;0
476;68;25/09/2015;25;9;2015;Vendredi;0
411;68;26/09/2015;26;9;2015;Samedi;0
826;68;28/09/2015;28;9;2015;Lundi;0
917;68;29/09/2015;29;9;2015;Mardi;0
1421;68;30/09/2015;30;9;2015;Mercredi;0
1365;69;01/10/2015;1;10;2015;Jeudi;0
1160;69;02/10/2015;2;10;2015;Vendredi;0
556;69;03/10/2015;3;10;2015;Samedi;0
775;69;05/10/2015;5;10;2015;Lundi;0
723;69;06/10/2015;6;10;2015;Mardi;0
687;69;07/10/2015;7;10;2015;Mercredi;0
546;69;08/10/2015;8;10;2015;Jeudi;0
492;69;09/10/2015;9;10;2015;Vendredi;0
285;69;10/10/2015;10;10;2015;Samedi;0
573;69;12/10/2015;12;10;2015;Lundi;0
433;69;13/10/2015;13;10;2015;Mardi;0
491;69;14/10/2015;14;10;2015;Mercredi;0
338;69;15/10/2015;15;10;2015;Jeudi;0
312;69;16/10/2015;16;10;2015;Vendredi;0
208;69;17/10/2015;17;10;2015;Samedi;1
436;69;19/10/2015;19;10;2015;Lundi;1
475;69;20/10/2015;20;10;2015;Mardi;1
441;69;21/10/2015;21;10;2015;Mercredi;1
386;69;22/10/2015;22;10;2015;Jeudi;1
416;69;23/10/2015;23;10;2015;Vendredi;1
171;69;24/10/2015;24;10;2015;Samedi;1
485;69;26/10/2015;26;10;2015;Lundi;1
464;69;27/10/2015;27;10;2015;Mardi;1
491;69;28/10/2015;28;10;2015;Mercredi;1
623;69;29/10/2015;29;10;2015;Jeudi;1
856;69;30/10/2015;30;10;2015;Vendredi;1
659;69;31/10/2015;31;10;2015;Samedi;1
1383;70;02/11/2015;2;11;2015;Lundi;0
995;70;03/11/2015;3;11;2015;Mardi;0
761;70;04/11/2015;4;11;2015;Mercredi;0
671;70;05/11/2015;5;11;2015;Jeudi;0
558;70;06/11/2015;6;11;2015;Vendredi;0
335;70;07/11/2015;7;11;2015;Samedi;0
579;70;09/11/2015;9;11;2015;Lundi;0
431;70;10/11/2015;10;11;2015;Mardi;0
433;70;12/11/2015;12;11;2015;Jeudi;0
365;70;13/11/2015;13;11;2015;Vendredi;0
210;70;14/11/2015;14;11;2015;Samedi;0
400;70;16/11/2015;16;11;2015;Lundi;0
294;70;17/11/2015;17;11;2015;Mardi;0
346;70;18/11/2015;18;11;2015;Mercredi;0
288;70;19/11/2015;19;11;2015;Jeudi;0
344;70;20/11/2015;20;11;2015;Vendredi;0
232;70;21/11/2015;21;11;2015;Samedi;0
521;70;23/11/2015;23;11;2015;Lundi;0
429;70;24/11/2015;24;11;2015;Mardi;0
522;70;25/11/2015;25;11;2015;Mercredi;0
547;70;26/11/2015;26;11;2015;Jeudi;0
665;70;27/11/2015;27;11;2015;Vendredi;0
467;70;28/11/2015;28;11;2015;Samedi;0
1416;70;30/11/2015;30;11;2015;Lundi;0
1363;71;01/12/2015;1;12;2015;Mardi;0
1036;71;02/12/2015;2;12;2015;Mercredi;0
697;71;03/12/2015;3;12;2015;Jeudi;0
547;71;04/12/2015;4;12;2015;Vendredi;0
283;71;05/12/2015;5;12;2015;Samedi;0
611;71;07/12/2015;7;12;2015;Lundi;0
376;71;08/12/2015;8;12;2015;Mardi;0
459;71;09/12/2015;9;12;2015;Mercredi;0
310;71;10/12/2015;10;12;2015;Jeudi;0
366;71;11/12/2015;11;12;2015;Vendredi;0
219;71;12/12/2015;12;12;2015;Samedi;0
336;71;14/12/2015;14;12;2015;Lundi;0
255;71;15/12/2015;15;12;2015;Mardi;0
253;71;16/12/2015;16;12;2015;Mercredi;0
255;71;17/12/2015;17;12;2015;Jeudi;0
279;71;18/12/2015;18;12;2015;Vendredi;0
171;71;19/12/2015;19;12;2015;Samedi;1
490;71;21/12/2015;21;12;2015;Lundi;1
404;71;22/12/2015;22;12;2015;Mardi;1
325;71;23/12/2015;23;12;2015;Mercredi;1
144;71;24/12/2015;24;12;2015;Jeudi;1
112;71;26/12/2015;26;12;2015;Samedi;1
577;71;28/12/2015;28;12;2015;Lundi;1
600;71;29/12/2015;29;12;2015;Mardi;1
714;71;30/12/2015;30;12;2015;Mercredi;1
601;71;31/12/2015;31;12;2015;Jeudi;1
534;72;02/01/2016;2;1;2016;Samedi;1
1217;72;04/01/2016;4;1;2016;Lundi;0
991;72;05/01/2016;5;1;2016;Mardi;0
846;72;06/01/2016;6;1;2016;Mercredi;0
585;72;07/01/2016;7;1;2016;Jeudi;0
525;72;08/01/2016;8;1;2016;Vendredi;0
308;72;09/01/2016;9;1;2016;Samedi;0
428;72;11/01/2016;11;1;2016;Lundi;0
486;72;12/01/2016;12;1;2016;Mardi;0
444;72;13/01/2016;13;1;2016;Mercredi;0
370;72;14/01/2016;14;1;2016;Jeudi;0
380;72;15/01/2016;15;1;2016;Vendredi;0
237;72;16/01/2016;16;1;2016;Samedi;0
320;72;18/01/2016;18;1;2016;Lundi;0
373;72;19/01/2016;19;1;2016;Mardi;0
459;72;20/01/2016;20;1;2016;Mercredi;0
360;72;21/01/2016;21;1;2016;Jeudi;0
323;72;22/01/2016;22;1;2016;Vendredi;0
202;72;23/01/2016;23;1;2016;Samedi;0
524;72;25/01/2016;25;1;2016;Lundi;0
477;72;26/01/2016;26;1;2016;Mardi;0
523;72;27/01/2016;27;1;2016;Mercredi;0
529;72;28/01/2016;28;1;2016;Jeudi;0
833;72;29/01/2016;29;1;2016;Vendredi;0
630;72;30/01/2016;30;1;2016;Samedi;0
1289;73;01/02/2016;1;2;2016;Lundi;0
813;73;02/02/2016;2;2;2016;Mardi;0
611;73;03/02/2016;3;2;2016;Mercredi;0
402;73;04/02/2016;4;2;2016;Jeudi;0
460;73;05/02/2016;5;2;2016;Vendredi;0
266;73;06/02/2016;6;2;2016;Samedi;1
412;73;08/02/2016;8;2;2016;Lundi;1
312;73;09/02/2016;9;2;2016;Mardi;1
348;73;10/02/2016;10;2;2016;Mercredi;1
279;73;11/02/2016;11;2;2016;Jeudi;1
245;73;12/02/2016;12;2;2016;Vendredi;1
100;73;13/02/2016;13;2;2016;Samedi;1
304;73;15/02/2016;15;2;2016;Lundi;1
296;73;16/02/2016;16;2;2016;Mardi;1
208;73;17/02/2016;17;2;2016;Mercredi;1
222;73;18/02/2016;18;2;2016;Jeudi;1
273;73;19/02/2016;19;2;2016;Vendredi;1
204;73;20/02/2016;20;2;2016;Samedi;1
469;73;22/02/2016;22;2;2016;Lundi;0
407;73;23/02/2016;23;2;2016;Mardi;0
442;73;24/02/2016;24;2;2016;Mercredi;0
577;73;25/02/2016;25;2;2016;Jeudi;0
516;73;26/02/2016;26;2;2016;Vendredi;0
368;73;27/02/2016;27;2;2016;Samedi;0
1321;73;29/02/2016;29;2;2016;Lundi;0
1041;74;01/03/2016;1;3;2016;Mardi;0
768;74;02/03/2016;2;3;2016;Mercredi;0
628;74;03/03/2016;3;3;2016;Jeudi;0
469;74;04/03/2016;4;3;2016;Vendredi;0
235;74;05/03/2016;5;3;2016;Samedi;0
492;74;07/03/2016;7;3;2016;Lundi;0
450;74;08/03/2016;8;3;2016;Mardi;0
308;74;09/03/2016;9;3;2016;Mercredi;0
349;74;10/03/2016;10;3;2016;Jeudi;0
388;74;11/03/2016;11;3;2016;Vendredi;0
216;74;12/03/2016;12;3;2016;Samedi;0
369;74;14/03/2016;14;3;2016;Lundi;0
304;74;15/03/2016;15;3;2016;Mardi;0
282;74;16/03/2016;16;3;2016;Mercredi;0
263;74;17/03/2016;17;3;2016;Jeudi;0
249;74;18/03/2016;18;3;2016;Vendredi;0
178;74;19/03/2016;19;3;2016;Samedi;0
415;74;21/03/2016;21;3;2016;Lundi;0
353;74;22/03/2016;22;3;2016;Mardi;0
417;74;23/03/2016;23;3;2016;Mercredi;0
318;74;24/03/2016;24;3;2016;Jeudi;0
362;74;25/03/2016;25;3;2016;Vendredi;0
185;74;26/03/2016;26;3;2016;Samedi;0
659;74;29/03/2016;29;3;2016;Mardi;0
822;74;30/03/2016;30;3;2016;Mercredi;0
931;74;31/03/2016;31;3;2016;Jeudi;0
1063;75;01/04/2016;1;4;2016;Vendredi;0
354;75;02/04/2016;2;4;2016;Samedi;1
623;75;04/04/2016;4;4;2016;Lundi;1
586;75;05/04/2016;5;4;2016;Mardi;1
534;75;06/04/2016;6;4;2016;Mercredi;1
385;75;07/04/2016;7;4;2016;Jeudi;1
351;75;08/04/2016;8;4;2016;Vendredi;1
149;75;09/04/2016;9;4;2016;Samedi;1
321;75;11/04/2016;11;4;2016;Lundi;1
373;75;12/04/2016;12;4;2016;Mardi;1
305;75;13/04/2016;13;4;2016;Mercredi;1
260;75;14/04/2016;14;4;2016;Jeudi;1
313;75;15/04/2016;15;4;2016;Vendredi;1
175;75;16/04/2016;16;4;2016;Samedi;1
441;75;18/04/2016;18;4;2016;Lundi;0
315;75;19/04/2016;19;4;2016;Mardi;0
407;75;20/04/2016;20;4;2016;Mercredi;0
380;75;21/04/2016;21;4;2016;Jeudi;0
356;75;22/04/2016;22;4;2016;Vendredi;0
153;75;23/04/2016;23;4;2016;Samedi;0
432;75;25/04/2016;25;4;2016;Lundi;0
414;75;26/04/2016;26;4;2016;Mardi;0
522;75;27/04/2016;27;4;2016;Mercredi;0
553;75;28/04/2016;28;4;2016;Jeudi;0
775;75;29/04/2016;29;4;2016;Vendredi;0
538;75;30/04/2016;30;4;2016;Samedi;0
1154;76;02/05/2016;2;5;2016;Lundi;0
823;76;03/05/2016;3;5;2016;Mardi;0
667;76;04/05/2016;4;5;2016;Mercredi;0
367;76;06/05/2016;6;5;2016;Vendredi;0
199;76;07/05/2016;7;5;2016;Samedi;0
510;76;09/05/2016;9;5;2016;Lundi;0
437;76;10/05/2016;10;5;2016;Mardi;0
309;76;11/05/2016;11;5;2016;Mercredi;0
286;76;12/05/2016;12;5;2016;Jeudi;0
259;76;13/05/2016;13;5;2016;Vendredi;0
174;76;14/05/2016;14;5;2016;Samedi;0
333;76;17/05/2016;17;5;2016;Mardi;0
304;76;18/05/2016;18;5;2016;Mercredi;0
286;76;19/05/2016;19;5;2016;Jeudi;0
362;76;20/05/2016;20;5;2016;Vendredi;0
189;76;21/05/2016;21;5;2016;Samedi;0
477;76;23/05/2016;23;5;2016;Lundi;0
390;76;24/05/2016;24;5;2016;Mardi;0
450;76;25/05/2016;25;5;2016;Mercredi;0
376;76;26/05/2016;26;5;2016;Jeudi;0
435;76;27/05/2016;27;5;2016;Vendredi;0
305;76;28/05/2016;28;5;2016;Samedi;0
770;76;30/05/2016;30;5;2016;Lundi;0
1024;76;31/05/2016;31;5;2016;Mardi;0
1099;77;01/06/2016;1;6;2016;Mercredi;0
677;77;02/06/2016;2;6;2016;Jeudi;0
522;77;03/06/2016;3;6;2016;Vendredi;0
254;77;04/06/2016;4;6;2016;Samedi;0
499;77;06/06/2016;6;6;2016;Lundi;0
505;77;07/06/2016;7;6;2016;Mardi;0
458;77;08/06/2016;8;6;2016;Mercredi;0
339;77;09/06/2016;9;6;2016;Jeudi;0
320;77;10/06/2016;10;6;2016;Vendredi;0
167;77;11/06/2016;11;6;2016;Samedi;0
390;77;13/06/2016;13;6;2016;Lundi;0
288;77;14/06/2016;14;6;2016;Mardi;0
341;77;15/06/2016;15;6;2016;Mercredi;0
270;77;16/06/2016;16;6;2016;Jeudi;0
257;77;17/06/2016;17;6;2016;Vendredi;0
132;77;18/06/2016;18;6;2016;Samedi;0
384;77;20/06/2016;20;6;2016;Lundi;0
368;77;21/06/2016;21;6;2016;Mardi;0
412;77;22/06/2016;22;6;2016;Mercredi;0
294;77;23/06/2016;23;6;2016;Jeudi;0
432;77;24/06/2016;24;6;2016;Vendredi;0
232;77;25/06/2016;25;6;2016;Samedi;0
544;77;27/06/2016;27;6;2016;Lundi;0
583;77;28/06/2016;28;6;2016;Mardi;0
708;77;29/06/2016;29;6;2016;Mercredi;0
925;77;30/06/2016;30;6;2016;Jeudi;0
964;78;01/07/2016;1;7;2016;Vendredi;0
394;78;02/07/2016;2;7;2016;Samedi;0
694;78;04/07/2016;4;7;2016;Lundi;0
587;78;05/07/2016;5;7;2016;Mardi;1
538;78;06/07/2016;6;7;2016;Mercredi;1
498;78;07/07/2016;7;7;2016;Jeudi;1
408;78;08/07/2016;8;7;2016;Vendredi;1
213;78;09/07/2016;9;7;2016;Samedi;1
485;78;11/07/2016;11;7;2016;Lundi;1
457;78;12/07/2016;12;7;2016;Mardi;1
451;78;13/07/2016;13;7;2016;Mercredi;1
322;78;15/07/2016;15;7;2016;Vendredi;1
147;78;16/07/2016;16;7;2016;Samedi;1
343;78;18/07/2016;18;7;2016;Lundi;1
132;78;19/07/2016;19;7;2016;Mardi;1
399;78;20/07/2016;20;7;2016;Mercredi;1
406;78;21/07/2016;21;7;2016;Jeudi;1
367;78;22/07/2016;22;7;2016;Vendredi;1
206;78;23/07/2016;23;7;2016;Samedi;1
442;78;25/07/2016;25;7;2016;Lundi;1
428;78;26/07/2016;26;7;2016;Mardi;1
458;78;27/07/2016;27;7;2016;Mercredi;1
505;78;28/07/2016;28;7;2016;Jeudi;1
628;78;29/07/2016;29;7;2016;Vendredi;1
440;78;30/07/2016;30;7;2016;Samedi;1
911;79;01/08/2016;1;8;2016;Lundi;1
681;79;02/08/2016;2;8;2016;Mardi;1
564;79;03/08/2016;3;8;2016;Mercredi;1
387;79;04/08/2016;4;8;2016;Jeudi;1
417;79;05/08/2016;5;8;2016;Vendredi;1
200;79;06/08/2016;6;8;2016;Samedi;1
422;79;08/08/2016;8;8;2016;Lundi;1
414;79;09/08/2016;9;8;2016;Mardi;1
362;79;10/08/2016;10;8;2016;Mercredi;1
350;79;11/08/2016;11;8;2016;Jeudi;1
331;79;12/08/2016;12;8;2016;Vendredi;1
170;79;13/08/2016;13;8;2016;Samedi;1
400;79;16/08/2016;16;8;2016;Mardi;1
331;79;17/08/2016;17;8;2016;Mercredi;1
394;79;18/08/2016;18;8;2016;Jeudi;1
389;79;19/08/2016;19;8;2016;Vendredi;1
283;79;20/08/2016;20;8;2016;Samedi;1
619;79;22/08/2016;22;8;2016;Lundi;1
541;79;23/08/2016;23;8;2016;Mardi;1
576;79;24/08/2016;24;8;2016;Mercredi;1
552;79;25/08/2016;25;8;2016;Jeudi;1
635;79;26/08/2016;26;8;2016;Vendredi;1
348;79;27/08/2016;27;8;2016;Samedi;1
1027;79;29/08/2016;29;8;2016;Lundi;1
1051;79;30/08/2016;30;8;2016;Mardi;1
1273;79;31/08/2016;31;8;2016;Mercredi;1
1291;80;01/09/2016;1;9;2016;Jeudi;0
1033;80;02/09/2016;2;9;2016;Vendredi;0
589;80;03/09/2016;3;9;2016;Samedi;0
1153;80;05/09/2016;5;9;2016;Lundi;0
1086;80;06/09/2016;6;9;2016;Mardi;0
934;80;07/09/2016;7;9;2016;Mercredi;0
823;80;08/09/2016;8;9;2016;Jeudi;0
772;80;09/09/2016;9;9;2016;Vendredi;0
459;80;10/09/2016;10;9;2016;Samedi;0
825;80;12/09/2016;12;9;2016;Lundi;0
709;80;13/09/2016;13;9;2016;Mardi;0
715;80;14/09/2016;14;9;2016;Mercredi;0
554;80;15/09/2016;15;9;2016;Jeudi;0
489;80;16/09/2016;16;9;2016;Vendredi;0
394;80;17/09/2016;17;9;2016;Samedi;0
733;80;19/09/2016;19;9;2016;Lundi;0
718;80;20/09/2016;20;9;2016;Mardi;0
686;80;21/09/2016;21;9;2016;Mercredi;0
595;80;22/09/2016;22;9;2016;Jeudi;0
594;80;23/09/2016;23;9;2016;Vendredi;0
366;80;24/09/2016;24;9;2016;Samedi;0
721;80;26/09/2016;26;9;2016;Lundi;0
684;80;27/09/2016;27;9;2016;Mardi;0
838;80;28/09/2016;28;9;2016;Mercredi;0
903;80;29/09/2016;29;9;2016;Jeudi;0
1156;80;30/09/2016;30;9;2016;Vendredi;0
863;81;01/10/2016;1;10;2016;Samedi;0
1374;81;03/10/2016;3;10;2016;Lundi;0
1050;81;04/10/2016;4;10;2016;Mardi;0
887;81;05/10/2016;5;10;2016;Mercredi;0
701;81;06/10/2016;6;10;2016;Jeudi;0
557;81;07/10/2016;7;10;2016;Vendredi;0
301;81;08/10/2016;8;10;2016;Samedi;0
587;81;10/10/2016;10;10;2016;Lundi;0
527;81;11/10/2016;11;10;2016;Mardi;0
471;81;12/10/2016;12;10;2016;Mercredi;0
393;81;13/10/2016;13;10;2016;Jeudi;0
446;81;14/10/2016;14;10;2016;Vendredi;0
294;81;15/10/2016;15;10;2016;Samedi;0
531;81;17/10/2016;17;10;2016;Lundi;0
418;81;18/10/2016;18;10;2016;Mardi;0
435;81;19/10/2016;19;10;2016;Mercredi;1
476;81;20/10/2016;20;10;2016;Jeudi;1
497;81;21/10/2016;21;10;2016;Vendredi;1
212;81;22/10/2016;22;10;2016;Samedi;1
469;81;24/10/2016;24;10;2016;Lundi;1
466;81;25/10/2016;25;10;2016;Mardi;1
510;81;26/10/2016;26;10;2016;Mercredi;1
482;81;27/10/2016;27;10;2016;Jeudi;1
581;81;28/10/2016;28;10;2016;Vendredi;1
372;81;29/10/2016;29;10;2016;Samedi;1
1014;81;31/10/2016;31;10;2016;Lundi;1
1222;82;02/11/2016;2;11;2016;Mercredi;1
1189;82;03/11/2016;3;11;2016;Jeudi;0
787;82;04/11/2016;4;11;2016;Vendredi;0
433;82;05/11/2016;5;11;2016;Samedi;0
690;82;07/11/2016;7;11;2016;Lundi;0
596;82;08/11/2016;8;11;2016;Mardi;0
542;82;09/11/2016;9;11;2016;Mercredi;0
454;82;10/11/2016;10;11;2016;Jeudi;0
215;82;12/11/2016;12;11;2016;Samedi;0
435;82;14/11/2016;14;11;2016;Lundi;0
427;82;15/11/2016;15;11;2016;Mardi;0
380;82;16/11/2016;16;11;2016;Mercredi;0
355;82;17/11/2016;17;11;2016;Jeudi;0
333;82;18/11/2016;18;11;2016;Vendredi;0
248;82;19/11/2016;19;11;2016;Samedi;0
521;82;21/11/2016;21;11;2016;Lundi;0
522;82;22/11/2016;22;11;2016;Mardi;0
437;82;23/11/2016;23;11;2016;Mercredi;0
434;82;24/11/2016;24;11;2016;Jeudi;0
476;82;25/11/2016;25;11;2016;Vendredi;0
316;82;26/11/2016;26;11;2016;Samedi;0
719;82;28/11/2016;28;11;2016;Lundi;0
815;82;29/11/2016;29;11;2016;Mardi;0
1106;82;30/11/2016;30;11;2016;Mercredi;0
1270;83;01/12/2016;1;12;2016;Jeudi;0
965;83;02/12/2016;2;12;2016;Vendredi;0
416;83;03/12/2016;3;12;2016;Samedi;0
735;83;05/12/2016;5;12;2016;Lundi;0
634;83;06/12/2016;6;12;2016;Mardi;0
529;83;07/12/2016;7;12;2016;Mercredi;0
435;83;08/12/2016;8;12;2016;Jeudi;0
400;83;09/12/2016;9;12;2016;Vendredi;0
235;83;10/12/2016;10;12;2016;Samedi;0
427;83;12/12/2016;12;12;2016;Lundi;0
414;83;13/12/2016;13;12;2016;Mardi;0
389;83;14/12/2016;14;12;2016;Mercredi;0
372;83;15/12/2016;15;12;2016;Jeudi;0
342;83;16/12/2016;16;12;2016;Vendredi;0
153;83;17/12/2016;17;12;2016;Samedi;1
328;83;19/12/2016;19;12;2016;Lundi;1
473;83;20/12/2016;20;12;2016;Mardi;1
426;83;21/12/2016;21;12;2016;Mercredi;1
349;83;22/12/2016;22;12;2016;Jeudi;1
317;83;23/12/2016;23;12;2016;Vendredi;1
126;83;24/12/2016;24;12;2016;Samedi;1
357;83;26/12/2016;26;12;2016;Lundi;1
483;83;27/12/2016;27;12;2016;Mardi;1
537;83;28/12/2016;28;12;2016;Mercredi;1
564;83;29/12/2016;29;12;2016;Jeudi;1
679;83;30/12/2016;30;12;2016;Vendredi;1
348;83;31/12/2016;31;12;2016;Samedi;1
1104;84;02/01/2017;2;1;2017;Lundi;1
1165;84;03/01/2017;3;1;2017;Mardi;1
850;84;04/01/2017;4;1;2017;Mercredi;0
667;84;05/01/2017;5;1;2017;Jeudi;0
684;84;06/01/2017;6;1;2017;Vendredi;0
329;84;07/01/2017;7;1;2017;Samedi;0
572;84;09/01/2017;9;1;2017;Lundi;0
519;84;10/01/2017;10;1;2017;Mardi;0
470;84;11/01/2017;11;1;2017;Mercredi;0
391;84;12/01/2017;12;1;2017;Jeudi;0
410;84;13/01/2017;13;1;2017;Vendredi;0
229;84;14/01/2017;14;1;2017;Samedi;0
452;84;16/01/2017;16;1;2017;Lundi;0
385;84;17/01/2017;17;1;2017;Mardi;0
361;84;18/01/2017;18;1;2017;Mercredi;0
328;84;19/01/2017;19;1;2017;Jeudi;0
406;84;20/01/2017;20;1;2017;Vendredi;0
228;84;21/01/2017;21;1;2017;Samedi;0
519;84;23/01/2017;23;1;2017;Lundi;0
425;84;24/01/2017;24;1;2017;Mardi;0
476;84;25/01/2017;25;1;2017;Mercredi;0
420;84;26/01/2017;26;1;2017;Jeudi;0
518;84;27/01/2017;27;1;2017;Vendredi;0
403;84;28/01/2017;28;1;2017;Samedi;0
858;84;30/01/2017;30;1;2017;Lundi;0
1165;84;31/01/2017;31;1;2017;Mardi;0
1157;85;01/02/2017;1;2;2017;Mercredi;0
691;85;02/02/2017;2;2;2017;Jeudi;0
472;85;03/02/2017;3;2;2017;Vendredi;0
267;85;04/02/2017;4;2;2017;Samedi;0
552;85;06/02/2017;6;2;2017;Lundi;0
545;85;07/02/2017;7;2;2017;Mardi;0
428;85;08/02/2017;8;2;2017;Mercredi;0
327;85;09/02/2017;9;2;2017;Jeudi;0
339;85;10/02/2017;10;2;2017;Vendredi;0
189;85;11/02/2017;11;2;2017;Samedi;1
356;85;13/02/2017;13;2;2017;Lundi;1
310;85;14/02/2017;14;2;2017;Mardi;1
345;85;15/02/2017;15;2;2017;Mercredi;1
264;85;16/02/2017;16;2;2017;Jeudi;1
311;85;17/02/2017;17;2;2017;Vendredi;1
163;85;18/02/2017;18;2;2017;Samedi;1
388;85;20/02/2017;20;2;2017;Lundi;1
441;85;21/02/2017;21;2;2017;Mardi;1
403;85;22/02/2017;22;2;2017;Mercredi;1
412;85;23/02/2017;23;2;2017;Jeudi;1
482;85;24/02/2017;24;2;2017;Vendredi;1
352;85;25/02/2017;25;2;2017;Samedi;1
911;85;27/02/2017;27;2;2017;Lundi;0
1333;85;28/02/2017;28;2;2017;Mardi;0
1181;86;01/03/2017;1;3;2017;Mercredi;0
897;86;02/03/2017;2;3;2017;Jeudi;0
615;86;03/03/2017;3;3;2017;Vendredi;0
298;86;04/03/2017;4;3;2017;Samedi;0
528;86;06/03/2017;6;3;2017;Lundi;0
511;86;07/03/2017;7;3;2017;Mardi;0
436;86;08/03/2017;8;3;2017;Mercredi;0
409;86;09/03/2017;9;3;2017;Jeudi;0
399;86;10/03/2017;10;3;2017;Vendredi;0
226;86;11/03/2017;11;3;2017;Samedi;0
406;86;13/03/2017;13;3;2017;Lundi;0
330;86;14/03/2017;14;3;2017;Mardi;0
359;86;15/03/2017;15;3;2017;Mercredi;0
318;86;16/03/2017;16;3;2017;Jeudi;0
241;86;17/03/2017;17;3;2017;Vendredi;0
158;86;18/03/2017;18;3;2017;Samedi;0
460;86;20/03/2017;20;3;2017;Lundi;0
351;86;21/03/2017;21;3;2017;Mardi;0
369;86;22/03/2017;22;3;2017;Mercredi;0
349;86;23/03/2017;23;3;2017;Jeudi;0
367;86;24/03/2017;24;3;2017;Vendredi;0
260;86;25/03/2017;25;3;2017;Samedi;0
521;86;27/03/2017;27;3;2017;Lundi;0
601;86;28/03/2017;28;3;2017;Mardi;0
660;86;29/03/2017;29;3;2017;Mercredi;0
733;86;30/03/2017;30;3;2017;Jeudi;0
1075;86;31/03/2017;31;3;2017;Vendredi;0
668;87;01/04/2017;1;4;2017;Samedi;0
1038;87;03/04/2017;3;4;2017;Lundi;0
750;87;04/04/2017;4;4;2017;Mardi;0
587;87;05/04/2017;5;4;2017;Mercredi;0
548;87;06/04/2017;6;4;2017;Jeudi;0
467;87;07/04/2017;7;4;2017;Vendredi;0
216;87;08/04/2017;8;4;2017;Samedi;1
404;87;10/04/2017;10;4;2017;Lundi;1
380;87;11/04/2017;11;4;2017;Mardi;1
311;87;12/04/2017;12;4;2017;Mercredi;1
278;87;13/04/2017;13;4;2017;Jeudi;1
255;87;14/04/2017;14;4;2017;Vendredi;1
117;87;15/04/2017;15;4;2017;Samedi;1
319;87;18/04/2017;18;4;2017;Mardi;1
268;87;19/04/2017;19;4;2017;Mercredi;1
368;87;20/04/2017;20;4;2017;Jeudi;1
347;87;21/04/2017;21;4;2017;Vendredi;1
191;87;22/04/2017;22;4;2017;Samedi;1
527;87;24/04/2017;24;4;2017;Lundi;0
426;87;25/04/2017;25;4;2017;Mardi;0
485;87;26/04/2017;26;4;2017;Mercredi;0
559;87;27/04/2017;27;4;2017;Jeudi;0
768;87;28/04/2017;28;4;2017;Vendredi;0
639;87;29/04/2017;29;4;2017;Samedi;0
1274;88;02/05/2017;2;5;2017;Mardi;0
765;88;03/05/2017;3;5;2017;Mercredi;0
619;88;04/05/2017;4;5;2017;Jeudi;0
576;88;05/05/2017;5;5;2017;Vendredi;0
268;88;06/05/2017;6;5;2017;Samedi;0
597;88;09/05/2017;9;5;2017;Mardi;0
493;88;10/05/2017;10;5;2017;Mercredi;0
314;88;11/05/2017;11;5;2017;Jeudi;0
344;88;12/05/2017;12;5;2017;Vendredi;0
179;88;13/05/2017;13;5;2017;Samedi;0
453;88;15/05/2017;15;5;2017;Lundi;0
331;88;16/05/2017;16;5;2017;Mardi;0
325;88;17/05/2017;17;5;2017;Mercredi;0
252;88;18/05/2017;18;5;2017;Jeudi;0
307;88;19/05/2017;19;5;2017;Vendredi;0
212;88;20/05/2017;20;5;2017;Samedi;0
438;88;22/05/2017;22;5;2017;Lundi;0
448;88;23/05/2017;23;5;2017;Mardi;0
475;88;24/05/2017;24;5;2017;Mercredi;0
339;88;26/05/2017;26;5;2017;Vendredi;0
188;88;27/05/2017;27;5;2017;Samedi;0
699;88;29/05/2017;29;5;2017;Lundi;0
882;88;30/05/2017;30;5;2017;Mardi;0
1156;88;31/05/2017;31;5;2017;Mercredi;0
1022;89;01/06/2017;1;6;2017;Jeudi;0
745;89;02/06/2017;2;6;2017;Vendredi;0
334;89;03/06/2017;3;6;2017;Samedi;0
653;89;06/06/2017;6;6;2017;Mardi;0
616;89;07/06/2017;7;6;2017;Mercredi;0
456;89;08/06/2017;8;6;2017;Jeudi;0
434;89;09/06/2017;9;6;2017;Vendredi;0
196;89;10/06/2017;10;6;2017;Samedi;0
399;89;12/06/2017;12;6;2017;Lundi;0
387;89;13/06/2017;13;6;2017;Mardi;0
351;89;14/06/2017;14;6;2017;Mercredi;0
294;89;15/06/2017;15;6;2017;Jeudi;0
300;89;16/06/2017;16;6;2017;Vendredi;0
172;89;17/06/2017;17;6;2017;Samedi;0
313;89;19/06/2017;19;6;2017;Lundi;0
366;89;20/06/2017;20;6;2017;Mardi;0
304;89;21/06/2017;21;6;2017;Mercredi;0
297;89;22/06/2017;22;6;2017;Jeudi;0
399;89;23/06/2017;23;6;2017;Vendredi;0
248;89;24/06/2017;24;6;2017;Samedi;0
473;89;26/06/2017;26;6;2017;Lundi;0
454;89;27/06/2017;27;6;2017;Mardi;0
573;89;28/06/2017;28;6;2017;Mercredi;0
672;89;29/06/2017;29;6;2017;Jeudi;0
986;89;30/06/2017;30;6;2017;Vendredi;0
479;90;01/07/2017;1;7;2017;Samedi;0
1045;90;03/07/2017;3;7;2017;Lundi;0
840;90;04/07/2017;4;7;2017;Mardi;0
643;90;05/07/2017;5;7;2017;Mercredi;0
597;90;06/07/2017;6;7;2017;Jeudi;0
448;90;07/07/2017;7;7;2017;Vendredi;0
247;90;08/07/2017;8;7;2017;Samedi;1
465;90;10/07/2017;10;7;2017;Lundi;1
493;90;11/07/2017;11;7;2017;Mardi;1
410;90;12/07/2017;12;7;2017;Mercredi;1
389;90;13/07/2017;13;7;2017;Jeudi;1
177;90;15/07/2017;15;7;2017;Samedi;1
361;90;17/07/2017;17;7;2017;Lundi;1
299;90;18/07/2017;18;7;2017;Mardi;1
314;90;19/07/2017;19;7;2017;Mercredi;1
416;90;20/07/2017;20;7;2017;Jeudi;1
371;90;21/07/2017;21;7;2017;Vendredi;1
217;90;22/07/2017;22;7;2017;Samedi;1
420;90;24/07/2017;24;7;2017;Lundi;1
436;90;25/07/2017;25;7;2017;Mardi;1
358;90;26/07/2017;26;7;2017;Mercredi;1
401;90;27/07/2017;27;7;2017;Jeudi;1
478;90;28/07/2017;28;7;2017;Vendredi;1
336;90;29/07/2017;29;7;2017;Samedi;1
990;90;31/07/2017;31;7;2017;Lundi;1
838;91;01/08/2017;1;8;2017;Mardi;1
632;91;02/08/2017;2;8;2017;Mercredi;1
515;91;03/08/2017;3;8;2017;Jeudi;1
462;91;04/08/2017;4;8;2017;Vendredi;1
264;91;05/08/2017;5;8;2017;Samedi;1
503;91;07/08/2017;7;8;2017;Lundi;1
384;91;08/08/2017;8;8;2017;Mardi;1
318;91;09/08/2017;9;8;2017;Mercredi;1
295;91;10/08/2017;10;8;2017;Jeudi;1
339;91;11/08/2017;11;8;2017;Vendredi;1
172;91;12/08/2017;12;8;2017;Samedi;1
303;91;14/08/2017;14;8;2017;Lundi;1
438;91;16/08/2017;16;8;2017;Mercredi;1
391;91;17/08/2017;17;8;2017;Jeudi;1
327;91;18/08/2017;18;8;2017;Vendredi;1
231;91;19/08/2017;19;8;2017;Samedi;1
622;91;21/08/2017;21;8;2017;Lundi;1
562;91;22/08/2017;22;8;2017;Mardi;1
560;91;23/08/2017;23;8;2017;Mercredi;1
559;91;24/08/2017;24;8;2017;Jeudi;1
545;91;25/08/2017;25;8;2017;Vendredi;1
304;91;26/08/2017;26;8;2017;Samedi;1
790;91;28/08/2017;28;8;2017;Lundi;1
785;91;29/08/2017;29;8;2017;Mardi;1
926;91;30/08/2017;30;8;2017;Mercredi;1
1257;91;31/08/2017;31;8;2017;Jeudi;1
1133;92;01/09/2017;1;9;2017;Vendredi;1
743;92;02/09/2017;2;9;2017;Samedi;1
1456;92;04/09/2017;4;9;2017;Lundi;0
1138;92;05/09/2017;5;9;2017;Mardi;0
999;92;06/09/2017;6;9;2017;Mercredi;0
883;92;07/09/2017;7;9;2017;Jeudi;0
883;92;08/09/2017;8;9;2017;Vendredi;0
489;92;09/09/2017;9;9;2017;Samedi;0
883;92;11/09/2017;11;9;2017;Lundi;0
757;92;12/09/2017;12;9;2017;Mardi;0
734;92;13/09/2017;13;9;2017;Mercredi;0
594;92;14/09/2017;14;9;2017;Jeudi;0
604;92;15/09/2017;15;9;2017;Vendredi;0
332;92;16/09/2017;16;9;2017;Samedi;0
661;92;18/09/2017;18;9;2017;Lundi;0
672;92;19/09/2017;19;9;2017;Mardi;0
746;92;20/09/2017;20;9;2017;Mercredi;0
665;92;21/09/2017;21;9;2017;Jeudi;0
572;92;22/09/2017;22;9;2017;Vendredi;0
383;92;23/09/2017;23;9;2017;Samedi;0
690;92;25/09/2017;25;9;2017;Lundi;0
673;92;26/09/2017;26;9;2017;Mardi;0
776;92;27/09/2017;27;9;2017;Mercredi;0
830;92;28/09/2017;28;9;2017;Jeudi;0
1053;92;29/09/2017;29;9;2017;Vendredi;0
991;92;30/09/2017;30;9;2017;Samedi;0
1471;93;02/10/2017;2;10;2017;Lundi;0
1279;93;03/10/2017;3;10;2017;Mardi;0
1024;93;04/10/2017;4;10;2017;Mercredi;0
831;93;05/10/2017;5;10;2017;Jeudi;0
766;93;06/10/2017;6;10;2017;Vendredi;0
374;93;07/10/2017;7;10;2017;Samedi;0
724;93;09/10/2017;9;10;2017;Lundi;0
573;93;10/10/2017;10;10;2017;Mardi;0
530;93;11/10/2017;11;10;2017;Mercredi;0
454;93;12/10/2017;12;10;2017;Jeudi;0
401;93;13/10/2017;13;10;2017;Vendredi;0
250;93;14/10/2017;14;10;2017;Samedi;0
585;93;16/10/2017;16;10;2017;Lundi;0
421;93;17/10/2017;17;10;2017;Mardi;0
408;93;18/10/2017;18;10;2017;Mercredi;0
460;93;19/10/2017;19;10;2017;Jeudi;0
512;93;20/10/2017;20;10;2017;Vendredi;0
234;93;21/10/2017;21;10;2017;Samedi;1
535;93;23/10/2017;23;10;2017;Lundi;1
456;93;24/10/2017;24;10;2017;Mardi;1
501;93;25/10/2017;25;10;2017;Mercredi;1
501;93;26/10/2017;26;10;2017;Jeudi;1
547;93;27/10/2017;27;10;2017;Vendredi;1
336;93;28/10/2017;28;10;2017;Samedi;1
855;93;30/10/2017;30;10;2017;Lundi;1
1063;93;31/10/2017;31;10;2017;Mardi;1
1080;94;02/11/2017;2;11;2017;Jeudi;1
899;94;03/11/2017;3;11;2017;Vendredi;1
389;94;04/11/2017;4;11;2017;Samedi;1
1009;94;06/11/2017;6;11;2017;Lundi;0
861;94;07/11/2017;7;11;2017;Mardi;0
671;94;08/11/2017;8;11;2017;Mercredi;0
571;94;09/11/2017;9;11;2017;Jeudi;0
505;94;10/11/2017;10;11;2017;Vendredi;0
571;94;13/11/2017;13;11;2017;Lundi;0
454;94;14/11/2017;14;11;2017;Mardi;0
444;94;15/11/2017;15;11;2017;Mercredi;0
356;94;16/11/2017;16;11;2017;Jeudi;0
355;94;17/11/2017;17;11;2017;Vendredi;0
244;94;18/11/2017;18;11;2017;Samedi;0
451;94;20/11/2017;20;11;2017;Lundi;0
415;94;21/11/2017;21;11;2017;Mardi;0
483;94;22/11/2017;22;11;2017;Mercredi;0
453;94;23/11/2017;23;11;2017;Jeudi;0
476;94;24/11/2017;24;11;2017;Vendredi;0
265;94;25/11/2017;25;11;2017;Samedi;0
574;94;27/11/2017;27;11;2017;Lundi;0
695;94;28/11/2017;28;11;2017;Mardi;0
865;94;29/11/2017;29;11;2017;Mercredi;0
1224;94;30/11/2017;30;11;2017;Jeudi;0
1216;95;01/12/2017;1;12;2017;Vendredi;0
531;95;02/12/2017;2;12;2017;Samedi;0
795;95;04/12/2017;4;12;2017;Lundi;0
667;95;05/12/2017;5;12;2017;Mardi;0
618;95;06/12/2017;6;12;2017;Mercredi;0
444;95;07/12/2017;7;12;2017;Jeudi;0
448;95;08/12/2017;8;12;2017;Vendredi;0
232;95;09/12/2017;9;12;2017;Samedi;0
371;95;11/12/2017;11;12;2017;Lundi;0
400;95;12/12/2017;12;12;2017;Mardi;0
341;95;13/12/2017;13;12;2017;Mercredi;0
322;95;14/12/2017;14;12;2017;Jeudi;0
338;95;15/12/2017;15;12;2017;Vendredi;0
187;95;16/12/2017;16;12;2017;Samedi;0
388;95;18/12/2017;18;12;2017;Lundi;0
333;95;19/12/2017;19;12;2017;Mardi;0
490;95;20/12/2017;20;12;2017;Mercredi;0
447;95;21/12/2017;21;12;2017;Jeudi;0
436;95;22/12/2017;22;12;2017;Vendredi;0
183;95;23/12/2017;23;12;2017;Samedi;1
421;95;26/12/2017;26;12;2017;Mardi;1
461;95;27/12/2017;27;12;2017;Mercredi;1
575;95;28/12/2017;28;12;2017;Jeudi;1
694;95;29/12/2017;29;12;2017;Vendredi;1
476;95;30/12/2017;30;12;2017;Samedi;1
1081;96;02/01/2018;2;1;2018;Mardi;1
919;96;03/01/2018;3;1;2018;Mercredi;1
710;96;04/01/2018;4;1;2018;Jeudi;1
690;96;05/01/2018;5;1;2018;Vendredi;1
459;96;06/01/2018;6;1;2018;Samedi;1
888;96;08/01/2018;8;1;2018;Lundi;0
640;96;09/01/2018;9;1;2018;Mardi;0
520;96;10/01/2018;10;1;2018;Mercredi;0
482;96;11/01/2018;11;1;2018;Jeudi;0
448;96;12/01/2018;12;1;2018;Vendredi;0
271;96;13/01/2018;13;1;2018;Samedi;0
465;96;15/01/2018;15;1;2018;Lundi;0
442;96;16/01/2018;16;1;2018;Mardi;0
425;96;17/01/2018;17;1;2018;Mercredi;0
327;96;18/01/2018;18;1;2018;Jeudi;0
387;96;19/01/2018;19;1;2018;Vendredi;0
270;96;20/01/2018;20;1;2018;Samedi;0
496;96;22/01/2018;22;1;2018;Lundi;0
478;96;23/01/2018;23;1;2018;Mardi;0
508;96;24/01/2018;24;1;2018;Mercredi;0
372;96;25/01/2018;25;1;2018;Jeudi;0
518;96;26/01/2018;26;1;2018;Vendredi;0
333;96;27/01/2018;27;1;2018;Samedi;0
712;96;29/01/2018;29;1;2018;Lundi;0
851;96;30/01/2018;30;1;2018;Mardi;0
1222;96;31/01/2018;31;1;2018;Mercredi;0
1154;97;01/02/2018;1;2;2018;Jeudi;0
721;97;02/02/2018;2;2;2018;Vendredi;0
381;97;03/02/2018;3;2;2018;Samedi;0
713;97;05/02/2018;5;2;2018;Lundi;0
325;97;06/02/2018;6;2;2018;Mardi;0
193;97;07/02/2018;7;2;2018;Mercredi;0
233;97;08/02/2018;8;2;2018;Jeudi;0
143;97;09/02/2018;9;2;2018;Vendredi;0
186;97;10/02/2018;10;2;2018;Samedi;0
347;97;12/02/2018;12;2;2018;Lundi;0
250;97;13/02/2018;13;2;2018;Mardi;0
370;97;14/02/2018;14;2;2018;Mercredi;0
310;97;15/02/2018;15;2;2018;Jeudi;0
304;97;16/02/2018;16;2;2018;Vendredi;0
211;97;17/02/2018;17;2;2018;Samedi;0
357;97;19/02/2018;19;2;2018;Lundi;0
475;97;20/02/2018;20;2;2018;Mardi;0
396;97;21/02/2018;21;2;2018;Mercredi;0
381;97;22/02/2018;22;2;2018;Jeudi;0
406;97;23/02/2018;23;2;2018;Vendredi;0
261;97;24/02/2018;24;2;2018;Samedi;1
622;97;26/02/2018;26;2;2018;Lundi;1
689;97;27/02/2018;27;2;2018;Mardi;1
1050;97;28/02/2018;28;2;2018;Mercredi;1
780;98;01/03/2018;1;3;2018;Jeudi;1
864;98;02/03/2018;2;3;2018;Vendredi;1
353;98;03/03/2018;3;3;2018;Samedi;1
746;98;05/03/2018;5;3;2018;Lundi;1
610;98;06/03/2018;6;3;2018;Mardi;1
497;98;07/03/2018;7;3;2018;Mercredi;1
468;98;08/03/2018;8;3;2018;Jeudi;1
406;98;09/03/2018;9;3;2018;Vendredi;1
264;98;10/03/2018;10;3;2018;Samedi;1
521;98;12/03/2018;12;3;2018;Lundi;0
438;98;13/03/2018;13;3;2018;Mardi;0
385;98;14/03/2018;14;3;2018;Mercredi;0
297;98;15/03/2018;15;3;2018;Jeudi;0
325;98;16/03/2018;16;3;2018;Vendredi;0
190;98;17/03/2018;17;3;2018;Samedi;0
343;98;19/03/2018;19;3;2018;Lundi;0
399;98;20/03/2018;20;3;2018;Mardi;0
445;98;21/03/2018;21;3;2018;Mercredi;0
312;98;22/03/2018;22;3;2018;Jeudi;0
369;98;23/03/2018;23;3;2018;Vendredi;0
222;98;24/03/2018;24;3;2018;Samedi;0
502;98;26/03/2018;26;3;2018;Lundi;0
435;98;27/03/2018;27;3;2018;Mardi;0
537;98;28/03/2018;28;3;2018;Mercredi;0
685;98;29/03/2018;29;3;2018;Jeudi;0
888;98;30/03/2018;30;3;2018;Vendredi;0
667;98;31/03/2018;31;3;2018;Samedi;0
1283;99;03/04/2018;3;4;2018;Mardi;0
822;99;04/04/2018;4;4;2018;Mercredi;0
745;99;05/04/2018;5;4;2018;Jeudi;0
617;99;06/04/2018;6;4;2018;Vendredi;0
308;99;07/04/2018;7;4;2018;Samedi;0
546;99;09/04/2018;9;4;2018;Lundi;0
425;99;10/04/2018;10;4;2018;Mardi;0
392;99;11/04/2018;11;4;2018;Mercredi;0
348;99;12/04/2018;12;4;2018;Jeudi;0
363;99;13/04/2018;13;4;2018;Vendredi;0
173;99;14/04/2018;14;4;2018;Samedi;0
391;99;16/04/2018;16;4;2018;Lundi;0
348;99;17/04/2018;17;4;2018;Mardi;0
343;99;18/04/2018;18;4;2018;Mercredi;0
294;99;19/04/2018;19;4;2018;Jeudi;0
366;99;20/04/2018;20;4;2018;Vendredi;0
204;99;21/04/2018;21;4;2018;Samedi;0
514;99;23/04/2018;23;4;2018;Lundi;0
472;99;24/04/2018;24;4;2018;Mardi;0
389;99;25/04/2018;25;4;2018;Mercredi;1
480;99;26/04/2018;26;4;2018;Jeudi;1
514;99;27/04/2018;27;4;2018;Vendredi;1
337;99;28/04/2018;28;4;2018;Samedi;1
997;99;30/04/2018;30;4;2018;Lundi;1
1129;99;02/05/2018;2;5;2018;Mercredi;1
748;99;03/05/2018;3;5;2018;Jeudi;1
580;99;04/05/2018;4;5;2018;Vendredi;1
574;99;07/05/2018;7;5;2018;Lundi;1
493;99;09/05/2018;9;5;2018;Mercredi;1
456;99;11/05/2018;11;5;2018;Vendredi;1
173;99;12/05/2018;12;5;2018;Samedi;1
499;99;14/05/2018;14;5;2018;Lundi;0
487;99;15/05/2018;15;5;2018;Mardi;0
413;99;16/05/2018;16;5;2018;Mercredi;0
320;99;17/05/2018;17;5;2018;Jeudi;0
354;99;18/05/2018;18;5;2018;Vendredi;0
194;99;19/05/2018;19;5;2018;Samedi;0
543;99;22/05/2018;22;5;2018;Mardi;0
487;99;23/05/2018;23;5;2018;Mercredi;0
384;99;24/05/2018;24;5;2018;Jeudi;0
409;99;25/05/2018;25;5;2018;Vendredi;0
249;99;26/05/2018;26;5;2018;Samedi;0
552;99;28/05/2018;28;5;2018;Lundi;0
642;99;29/05/2018;29;5;2018;Mardi;0
805;99;30/05/2018;30;5;2018;Mercredi;0
1004;99;31/05/2018;31;5;2018;Jeudi;0
